video_id,title,publishedAt,channelId,channelTitle,categoryId,trending_date,tags,view_count,likes,dislikes,comment_count,thumbnail_link,comments_disabled,ratings_disabled,description
"1T9RmTK3dQc","빵싸대기 맞았습니다... 냄새 비쥬얼에 홀리고 드립에 진짜 터져버린 여기가 🍞빵터짐 맛집🍞빵집 알바 리뷰 l 워크맨 ep.32","2019-12-20T09:00:06.000Z","UCwx6n_4OcLgzAGdty0RWCoA","워크맨-Workman","22","19.20.12","studiolululala|JTBC|스튜디오룰루랄라|룰루랄라|워크맨|직업리뷰|알바리뷰|알바썰|알바|직업|장성규|와썹맨|workman|job|wassupman|아르바이트|후기|알바후기|빵집|빵집알바|제과점|제과점알바|빵집투어|빵지순례|빵추천|빵asmr|빵먹방|파리바게트케이크|파리바케트알바|뚜레쥬르케이크|뚜레쥬르알바|크리스마스케이크","1475848","43063","648","3947","https://i.ytimg.com/vi/1T9RmTK3dQc/default.jpg","False","False","JOB것들아~~~♥ 인력소장이다,,,,~~~ 그 뭐시기~~,, 달다구리~~ 빵이 엄청,,, 많다고하는디~~ㅎㅎ 크리스마스 되믄~~,,,케이크~~ 하나씩,, 사먹구~!!!!!!세상의 모든 job것들을 리뷰한다 [워크맨]▶ 매주 금 오후 6시 공개#워크맨 #workman #장성규 #빵집알바 #제과점#직업리뷰 #알바리뷰 #장성규 #스튜디오룰루랄라"
"ZRqrynq2sN0","[신병] 유격 4","2019-12-19T08:00:10.000Z","UChbE5OZQ6dRHECsX0tEPEZQ","장삐쭈","1","19.20.12","장삐쭈|삐쭈|ㅋㅋㅋ|삐쮸|장삐쮸|병맛더빙|더빙|웃긴동영상|꿀잼|신병|초병|장삐쭈 단편선|단편선|창작애니|볼만한 애니|재밌는애니|웃긴애니|볼만한애니|애니추천|만화추천|UFC|암바|장비주|유격|유격훈련|신병 유격|신병신작|장삐쭈 군대|군대만화","1719207","31074","853","4985","https://i.ytimg.com/vi/ZRqrynq2sN0/default.jpg","False","False","스튜디오 장삐쭈장삐쭈 ,  정영준 , 안류천  , 포포 , 윤성원 , 허혜원 , 정대준"
"HNrM7eJX-Yo","매우 현실적인 마인크래프트 - 겜브링(GGAMBRING)","2019-12-20T07:00:01.000Z","UCSOeJWyByeoBHpmrm0NnlLw","겜브링 GGAM BRING","20","19.20.12","병맛게임|겜브링|ggambring|sandbox network|샌드박스|갬블링|겜브링tv|마인크래프트|게임이 현실|게임이 현실이라면|minecraft|마크 실사판|마크","94445","1808","71","387","https://i.ytimg.com/vi/HNrM7eJX-Yo/default.jpg","False","False","#겜브링 #마인크래프트# 게임실화냐촬영 당일 레알로 굉장히 추웠습니다..【무료채널구독】 ► https://www.youtube.com/channel/UCSOeJWyByeoBHpmrm0NnlLw?sub_confirmation=1【팬아트 및 팬레터!】 ► ggambring@sandboxnetwork.net【인스타그램】 ► https://www.instagram.com/ggambringtv【겜브링TV 시즌4】 ►애니박스 | 매주 월요일 오후 5시!애니원 | 9월 26일 부터~ 매주 목요일 저녁 6시!챔프 | 9월 23일 부터~ 매주 월-화 저녁 7시!【겜브링TV 방영】 ►애니박스 겜브링TV 시즌 1~3 방송중애니박스 겜브링TV 블록대탐험 방송중애니맥스 겜브링TV 시즌1~2 방송중애니맥스 겜브링TV 블록어드벤처 시즌1 방송중"
"ftr0RyuxVlc","ENG] 다시 찾아온 헬스장 몰카4 - [동네놈들]","2019-12-19T10:30:13.000Z","UCIuFnJrRwHEUcIVtozJnUGA","동네놈들","23","19.20.12","관찰|관찰카메라|실험|실험카메라|prank|prankcam|prankcamera|prankgag|prankgags|gag|gags|동네놈들|헬스|헬스장|웨이트|웨이트트레이닝|인기동영상|인기급상승동영상|재밌는영상|재밌는유튜버|웃긴영상|웃긴유튜버|역대급|레전드|리액션|장난|fun|funvideo|funny","624660","10638","619","1044","https://i.ytimg.com/vi/ftr0RyuxVlc/default.jpg","False","False","🔥 구독 & 좋아요 & 알림설정 Click?!?! oh yeah!!!! 🔥장소협찬 : MKGYM [경기도 고양시 일산동구 위시티1로 6-47 ,5F]특수분장 '유튜브 김둔둔'https://www.youtube.com/channel/UCmWaIFAnzdt5oBmqtdPQVLQ💥동네놈들 페이스북💥 https://www.facebook.com/videodnnd🤡 개그맨 안진호 🤡 https://www.instagram.com/_zin_ho_🤡 개그맨 최부기🤡 https://www.instagram.com/choi_boogie🤡 개그맨 정재형 🤡https://www.instagram.com/star.jjj#몰카 #몰래카메라 #동네놈들 #小区小家伙 #PRANK #health #weight training #GYM"
"tY1n_hLS9ig","[일차원적 그녀석] 오늘 일진이 아주 개똥이에요.(ep1)","2019-12-20T06:00:07.000Z","UCcyXjAdiepuKgmJO2C2fEmA","환경부","29","19.20.12","방한경|구수진|방구커플|일차원적그녀석|환경부장관상|초관심드라마|초관심오디션|초관심 몰아보기|초관심 특별편|일차원적 그녀석|버들버들|버들버들해 노래|버들버들해 드라마|재능방송|재능방송TV|초관심|환경부|웹드라마|웹드라마추천|청소년드라마|청소년드라마 초관심|환경사랑글짓기|개똥밟은날|재수좋은날|재능방송드라마|특별편","32073","1162","21","155","https://i.ytimg.com/vi/tY1n_hLS9ig/default.jpg","False","False","[일차원적 그녀석] 오늘 일진이 아주 개똥이에요.(ep1)*특별편은 환경부 유튜브 채널에서만 볼 수 있습니다. 구독으로 여러분의 사랑을 보여주세요!▶ 구독자 링크: https://bit.ly/2NtQhAW#일차원적그녀석 #머피의법칙 #방구커플 #환경부X재능TV한경이에게 아주 기분 좋은 일이 일어났는데...한경이의 운수좋은날..어쩐지 오늘은 운이 좋더라니!?왜 이렇게 일진이 사납게 꼬이기만 하는거죠?위기의 방구커플...너네 괜찮은거지?환경TIP.1) 생태공원 등을 산책할 때는 꼭 반려동물의 배변봉투를 준비해주세요~2) 한경이가 상을 받은 국립생물자원관에 방문해 보세요~ 다양한 볼거리가 기다리고 있답니다. 3) 우유팩을 분리배출 할 때는 안에 내용물을 잘 버리고 씻어 말린 후, 우유팩을 따로 분리배출해 버려주세요."
"sNV6KJPSyqE","먹방 1등끼리 사귀면 안되는 이유!","2019-12-20T06:00:08.000Z","UCkG-Bpd44jV22xkAhzo0n9g","1등 미디어","20","19.20.12","웃찾사|문과1등|이과1등|이그젝틀리|이과젝틀리|김성기|신흥재|코미디|문과이과","93083","1731","77","415","https://i.ytimg.com/vi/sNV6KJPSyqE/default.jpg","False","False","동네에 먹을게 없다!!!먹방 1등끼리 사귀면 안되는 이유!!!"
"WtOLWOCzrro","연말 송년회하면 역시, XX이지! 역대급 인파에 촬영 중단할 뻔한 2019 연말 최고의 핫플레이스 리뷰 l 와썹맨 ep.89 | god 박준형","2019-12-20T08:00:09.000Z","UCYgUhR7EGKauFXgJS0pckGg","와썹맨-Wassup Man","24","19.20.12","와썹맨|wassupman|스튜디오 룰루랄라|studio lululala|강남역|핫플레이스|연말|송년회|크리스마스|신년|망년회|모임|고깃집|썸|소개팅|종강|종강파티|보드게임|먹자골목|먹방|리뷰|review|mukbang|gangnam","172694","4601","72","537","https://i.ytimg.com/vi/WtOLWOCzrro/default.jpg","False","False","요오우~~벌써 이천십 구년도 얼마 안나마썹 그래서 오느른 숭년회인지 송년회인지 암튼 사람들 마니모인다고하는 강남역에 가따와썹~!! 나때는 강남역하면 타워레코드가 젤루유명햇는데 지금은다 업서졋지 차암나… 근대진짜 꼬맹쓰들 욜라뤼 만아가지고 날씨는추운데 분위기욜라뤼 핫한거 몬지알쥐?! 고기집골목 첨 가봤는데 소개팅쓰 하는 꼬맹쓰들도만나서 어색한 부니기 내가 풀어주고와찌 커플쓰되면 연락줘BBBAAMM!! 강남에 그르케 술찝마는지 몰랐눈데 다 엄청 재밌께 놀고이써서 나도 가치 머거밨는데 욜라뤼맵고 다들 술때매 혓바닥쓰가 이상해진거가터!!그리고 보더게임 방 처음가밨눈데 완져니 다른 세상쓰~~~기릿!! 내가 꼴찌쓰 해가지고 꼬맹쓰드리 팔목 떼렸지마는 나는 하나도 안아팠찌 빼애애애앰~!  이제진짜 올헤얼마안나마쓰니까 다들 칭구들 마니 만나고 재미께 놀믄 조캣쓰~~~꼬맹쓰들 Merry Christmas and Happy New Year~!! BBAAAMM!!!    #와썹맨 #wassupman #박준형 #강남역 #송년회 #핫플 #먹방 #god #JoonPark #mukbang [와썹맨] 1화 보러가기 ▶ http://bit.ly/2LvyvyV[와썹맨] 2017년 ver. [사서고생_왓써맨] ▶ http://bit.ly/2AjbsSG[스튜디오룰루랄라] 유튜브▶ https://www.youtube.com/studiolululala"
"l3wBGVc1qC8","옆동네 고양이 안아보고 왔습니다.","2019-12-19T12:07:37.000Z","UCETBLykCDpfP6L0awBd7Vwg","Arirang은 고양이들내가 주인","15","19.20.12","아리|고양이|고양이 목욕|아리랑|리랑|남기형|아리집사|아리주인|비명|피비린내|김메주|크림히어로즈|수리노을|반려동물|동물|cat|cats|pet|animal|funny|펫|cream|heroes","233359","10556","94","1275","https://i.ytimg.com/vi/l3wBGVc1qC8/default.jpg","False","False","왜 저는 남의 동네 고양이분들에겐 이쁨받고가족에겐 앞발로 걷어 차이고, 짜증내고...이래도 정녕 제가 잘못하며 사는 것 입니꽈!‘출발 전 팡팡’ 이벤트 많은 관심 부탁드립니다.-----------------------------------------------------------------------------------------------------아리랑 인스타 : https://www.instagram.com/ariismasterimhousebuy/아리랑 메일 : aricat2488@gmail.com#고양이#크림히어로즈#아리랑[사용음악]브금대통령- A Peaceful Afternoon- Paesaggio Italiano- Jerry's StoryMusic provided by 브금대통령"
"--23Rd9dIDk","하필이면 동석이형에게 개겨버린 반항아ㅠㅠ","2019-12-17T08:11:57.000Z","UCaHGOzOyeYzLQeKsVkfLEGA","지무비 : G Movie","1","19.20.12","영화|지무비|영화소개|마동석|시동|박정민|정해인","2168470","18700","721","2054","https://i.ytimg.com/vi/--23Rd9dIDk/default.jpg","False","False","#지무비 #영화 #시동영화 '시동', 오는 12월18일 개봉합니다.제작지원 : NEW"
"tPQSYwRoeyU","(긴급속보) 靑 경호팀 판문점行!? 도대체 누가? 왜?","2019-12-20T03:06:48.000Z","UCbgqDFODvh-q38ouzoKKkVA","신인균의 국방TV","25","19.20.12","신인균|신인균의 국방TV|국방TV|신인균의 군사TV|군사TV|신인균의 안보TV|안보TV|신인균TV 데일리디펜스|긴급속보|속보|청와대|경호처|경호실|CAT|경호|경호관|판문점|VH-92|전용헬기|전용기|정상회담","488890","36008","1366","2936","https://i.ytimg.com/vi/tPQSYwRoeyU/default.jpg","False","False","설명"
"Y5uFCjhRfJ8","악몽의 등산길 [총몇명의 사연낭독]","2019-12-18T09:00:05.000Z","UCRuSxVu4iqTK5kCh90ntAgA","총몇명","1","19.20.12","총몇명|사연낭독|박진숙|나천재|민모리|분수대|민들레","1878269","47714","962","6225","https://i.ytimg.com/vi/Y5uFCjhRfJ8/default.jpg","False","False","총몇명 스튜디오 - 총몇명, 십제곱, 5G민, Jin, 정영준오늘도 시청해주셔서 정말 감사드립니다!사연은 아래 페이지로 부탁드릴게요♥https://forms.gle/VyrGC9WiAAr8JKy27아래 링크를 통해 가입하시고, 더블기부챌린지 로고가 상품 상세 페이지에 표시된 상품을 구매하시면, 구매적립금의 2배가 기부됩니다.http://corners.auction.co.kr/corner/smileclub.aspx이 콘텐츠는 이베이코리아의 지원을 받아 제작되었습니다. Music from https://filmmusic.io:5296-hidden-truth---ambient-suspense5372-ominous-forces---dark-dramatic-creepy-orhcestraby Rafael Krux (https://www.orchestralis.net/)Licence: CC BY (https://creativecommons.org/licenses/by/4.0/deed.ko)3342-aftermath3487-chase-pulse-fasterby Kevin MacLeod (https://incompetech.com)Licence: CC BY (http://creativecommons.org/licenses/by/4.0/)"
"scttiFQgkzI","돈까스 먹는 유형ㅋㅋㅋ(feat.치즈돈까스)","2019-12-18T06:40:05.000Z","UCGS6cF75ZieNdszK_3BrQZQ","급식걸즈","23","19.20.12","#급식왕|#두더지|#발가락쌤|#징징이|#방울이|#학교|#웃긴영상|#공트|치돈|포방터|골목식당|돈까스|돈까스먹는유형|돈까스유형|고구마돈까스|고돈|김밥천국|돈까스먹을때","371381","4326","875","1242","https://i.ytimg.com/vi/scttiFQgkzI/default.jpg","False","False","#급식왕 #돈까스 #치즈돈까스 비즈니스 메일:  schoolfoodgirls@gmail.com급식걸즈를 시청해 주셔서 감사합니다. 항상 최선을 다하겠습니다"
"OZoVrF6SAIs","설레는 사건파일101. 널 좋아해 (with.내 동생) | 로맨스 공소시효 [밍꼬발랄]","2019-12-19T09:00:10.000Z","UCCJkwrmhIqWkSFV-sQol4Qw","밍꼬발랄Mingggo","23","19.20.12","밍꼬발랄|밍꼬|꼬밍|발랄|모아보기|이어보기|정주행|꿀잼|꿀팁|공소시효|노래공소시효|공감|소통|댓글요청|사건파일|사건|사연|재연|연기|현장|썰풀기|썰|에피소드|이야기|공포|코믹|되감기|사이다|공감이야기|재밌는이야기|웃긴이야기|무서운이야기|황당한이야기|오싹한이야기|mingggo|story|episode|acting|interesting_story|funny_story|interesting_episode|funny_episode|共感|类型|学校共感|学生共感|友達共感|Đồngcảm|kiểu|Đồngcảm_theoloại|Đồngcảm_của_trường|Đồngcảm_của_học_sinh|투니버스|투니버스밍꼬발랄|로맨스공소시효|널좋아해","474713","12921","399","4381","https://i.ytimg.com/vi/OZoVrF6SAIs/default.jpg","False","False","오늘은 제 친동생이 깜짝 출연해 함께 호흡을 맞춰봤습니다ㅋㅋㅋㅋㅋㅋ 고맙다 찬일아!!!공소시효의 새로운 장르! 설레는 로맨스 현장속으로 호우~!!![사건파일 제보 방법]#1. 메일 제보_mmingkko@gmail.com#2. 페북 메시지 제보_https://www.facebook.com/mingggggo[밍꼬 배경화면]_https://grafolio.naver.com/mingggo[밍꼬 페이스북]_https://www.facebook.com/mingggggo[밍꼬 인스타그램]_https://www.instagram.com/mingggggo#로맨스공소시효 #널좋아해 #훈남등장설렘어쩔(BGM)rack : Bossa LoungeMusic by 브금대통령Music provided by 브금대통령Watch : https://youtu.be/Xca6VnSrDJoTrack : Motion PictureMusic by 브금대통령Music provided by 브금대통령Watch : https://youtu.be/S2JOak2FdawTrack : Confusing RoadMusic by 브금대통령Music provided by 브금대통령Watch : https://youtu.be/ydPppyQQdPcTrack : DoopbaMusic by 브금대통령Music provided by 브금대통령Watch : https://youtu.be/38kepvoHjoI"
"q_npOdFPiJw","고양이들이 귀하신 분을 만났어요!","2019-12-19T12:00:10.000Z","UCmLiSrat4HW2k07ahKEJo4w","크림히어로즈","15","19.20.12","고양이|장난감|cat|kitten|猫|ねこ|gato|kucing|Katze|chat|chatte|mãn|con mèo|кошка|kedi|gatto|katt|แมว|새끼 고양이|아기 고양이|크림히어로즈|디디|티티|코코|모모|루루|라라|츄츄|아리랑|주인|아리랑은고양이내가주인|Arirang은고양이들내가주인|낯선사람|팡팡|출발전|출발전팡팡|Arirang|juin|stranger|bang|tap|before|you|go|start","618368","32128","306","2723","https://i.ytimg.com/vi/q_npOdFPiJw/default.jpg","False","False","겨울철 추위를 견디기 위해 야옹이들은 시동이 꺼진 따뜻한 자동차 밑으로 숨어들어가요.출발 하기 전 자동차를 두들길 수 있도록 알리는 '출발 전 팡팡!' 캠페인을 진행하고 있어요.오늘은 캠페인을 위해 'Arirang은 고양이들 내가 주인'의 귀하신 분이 집으로 찾아왔어요.귀하신 분을 만나 신기해하는 고양이들이 너무 귀여웠어요!* 인스타https://www.instagram.com/claire_luvcat/* 크림히어로즈 굿즈https://smartstore.naver.com/dundunmarket* 제휴문의creamheroes@luvcat.com"
"4JNywhBGjG4","[예능맛ZIP/백종원의 골목식당] 포방터와 아쉬운 작별인사...그리고 그 동안의 기록 / Backstreeet","2019-12-19T07:00:00.000Z","UCnx4Fi4cmkLGDiFfZ311wWw","SBS ENTER PLAY","24","19.20.12","SBSENTPLAY|백종원의 골목식당|백종원|골목식당|포방터시장|돈가스집|돈가스|포방터돈가스|맛집|정인선|조보아|김성주|제주도돈가스|돈가스집골목식당|골목식당 돈가스|포방터|포방터마지막장사|스윙스|정동윤","930791","8436","251","3257","https://i.ytimg.com/vi/4JNywhBGjG4/default.jpg","False","False","[예능맛ZIP/백종원의 골목식당] Backstreeet포방터와 아쉬운 작별인사...그리고 그 동안의 기록💛고생 많으셨어요 사장님의 앞날에 꽃길만 가득하기를 응원해요💛#포방터돈가스집 #백종원의골목식당 #포방터시장"
"QbLjdtgBwNg","장신의 문제 VS 단신의 문제  || 123 GO!의 공감가득 재미있는 상황","2019-12-20T03:00:06.000Z","UCU-7SdeUYlujznoTRHDttew","123 GO! Korean","24","19.20.12","DIY|만들기|공예|장난|장난치기|도전|도전하기|재밌는|웃긴|123GO!|123 go|123go|친구들|친근한|튜토리얼|어떻게|하는 법|마술|트릭DIY|크래프트|장난 치기|챌린지|재미있는|친구|친구와 함께|방법|꿀팁|휴가|여행|여행하기","57200","655","71","39","https://i.ytimg.com/vi/QbLjdtgBwNg/default.jpg","False","False","구독하기: http://bit.ly/31g55Yu인정합시다. 가끔씩 큰 키는 여러가지로 유리합니다. 하지만 우리 단신들도 여러 장점들이 있죠. 장신 대 단신, 모두의 고군분투를 알고 있습니다.여러분께서는 소피아의 짧은 키 고난에 공감하시나요? 에이미의 큰 키로 인한 고생은 어떠세요? 이 고군분투를 이해할 친구들에게 영상을 공유해 주세요. 그리고 공감 가득 영상들을 더 보고 싶으시다면 123GO!의 유튜브 채널 구독하는 걸 잊지 마세요! #웃긴 #장난 #DIY음악 에피데믹 사운드/Epidemic Sound   https://www.epidemicsound.com/자료 출처:  https://www.depositphotos.com https://www.shutterstock.com"
"m6mDERneTQI","[#도깨비] 도깨비 4화 11분 만에 몰아보기(죽음과 함께 찾아온 도깨비 신부, 지은탁과 도깨비의 몽글몽글 피어오르는 러브라인♥) | #다시보는도깨비 | #Diggle","2019-12-19T15:00:09.000Z","UCsRIHt5FkbGc6cQtCxt-ufA","tvN D ENT","24","19.20.12","도깨비|디글|diggle|도깨비 공유|공유|공유 김고은|도깨비 다시보기|Goblin|The goblin|Gongyoo|lee dong wook|Yoo In Na|김신|김고은|이동욱|저승사자|도깨비 이동욱|유인나|이동욱 유인나|피치커플|tvN|지은탁|써니|육성재|드라마 도깨비|사랑의 물리학|유덕화|도깨비 1화|도깨비 2화|도깨비 결말|저승이|도깨비OST|크러쉬|에일리|도깨 비 명장면|도깨비 메이킹|공유 이동욱|DOKEBI|삼신할매|호텔델루나|이엘|정해인|82년생 김지영|도깨비 써니|유인나 이동욱|진심이 닿다|유인나 써니|도깨비 비서|염혜란|토크가 하고 싶어서|이동욱 공유|조물주픽|연말|크리스마스|drama marathon|dokebi marathon","135244","0","0","114","https://i.ytimg.com/vi/m6mDERneTQI/default.jpg","False","True","#다시보는도깨비 #Diggle도깨비 4화 11분 만에 몰아보기(죽음과 함께 찾아온 신부, 지은탁과 도깨비의 몽글몽글 피어오르는 러브라인♥) 더 많은꿀잼 영상은? ▶ tvN D CLASSIC : https://bit.ly/2KT666f"
"RkFIJA8bdhY","가난한 서울대생이 경비아저씨에게 양복을 선물한 이유 [감동실화모음5편]","2019-12-20T06:16:25.000Z","UC5D5VhXj_9JWr3IskPYOEdA","오늘의 영상툰","1","19.20.12","오늘의 영상툰|오썰|감동실화|감동적인이야기|감동|사연툰|감동실화모음|영상툰","140274","4856","64","346","https://i.ytimg.com/vi/RkFIJA8bdhY/default.jpg","False","False","2017년 서울대학교 대나무 숲에 한 글이 올라옵니다7개월간 모은 알바비로 양복을 사 경비아저씨한테 선물했다는그 사연..그 학생이 선물을 하게 된 이유는 무엇일까요?🦄 이야기출처→서울대학교 페이스북 대나무숲🦄 오늘의 썰툰 구독하기 → https://bit.ly/2NqVyXQ🦄 사연보내는 곳 → http://bitly.kr/3xHrhf🦄 음악출처 → Flow Music님▶날씨의 아이 OST 피아노 모음 (Weathering With You OST Piano Collection): https://youtu.be/g3YZwcgQQps#사연툰 #감동이야기 #감동실화"
"R8an0j1wB3w","[12月의 무도] 무도x뉴욕조합은 극메!!!!  갱스 오브 뉴욕 infinite challenge","2019-12-19T09:00:12.000Z","UChY4PXxJI0aJYsGT1X6INWA","옛능 : MBC 옛날 예능 다시보기","24","19.20.12","MBC|유재석|마봉춘|다시보기|VOD|FULL|웃긴|코미디|무한도전|무도|무도레전드|추억|옛날|고전|예능|드라마|예전|90년대|클래식|레전드|명작|주말|엠비씨|재방|무리한 도전|무모한 도전|무한도전 레전드|정준하|박명수|정형돈|하하|노홍철|길|전진|광희|조세호|양세형|김태호|시즌2|오분순삭|놀면뭐하니|런닝맨|5분|특집|마지막회|1회|막방|infinite challenge|running man|갱스오브뉴욕|브루클린|뉴욕|아메리카|영화|느와르|스파이|마피아|탐정|조커|전화기","138394","1062","50","279","https://i.ytimg.com/vi/R8an0j1wB3w/default.jpg","False","False","[무도의 12월은 어땠을까?]뉴욕에서 뽕뽑을거 다 뽑았다는 이번 편.무한도전 특유의 감성이 묻어나는 갱스 오브 뉴욕!!영상 분위기부터 스토리까지 빠지는 게 없다 ㅠㅠ과연 스파이는 누구??방영일자 : 20091226무한도전 1화부터 FULL버전 다시 보기 (2006년 5월 6일~2018년 3월 31일) → ▶ WAVVE : https://m.wavve.com/player/vod?contentid=M_1000786100002100000.1▶ iMBC : http://m.imbc.com/Vod/VodPlay?progCode=1000786100000100000&broadcastID=1000786100002100000&type=VOD #무한도전 #무도 #무한도전레전드 #유재석 #박명수 #김태호 #노홍철"
"rhbpl2FoPZU","감스트 하... 저한테 왜 이러세요...","2019-12-20T09:04:20.000Z","UCbFzvzDu17eDZ3RIeaLRswQ","감스트GAMST","22","19.20.12","아프리카티비|아프리카tv|afreecatv|broadcast|감스트|비제이|김인직|인직|방송|bj|감튜브|콘텐츠|컨텐츠|비감|contents|gamst|injik|kiminjik|gamtube|bgam","181214","3996","87","435","https://i.ytimg.com/vi/rhbpl2FoPZU/default.jpg","False","False","[2019.12] 방송영상 입니다.♥ GAMST YouTube channel subscribe please ♥GAMST YouTube https://goo.gl/i1A0oNGAMST Facebook http://facebook.com/gamst0108GAMST Instagram http://Instagram.com/gamst17172GAMST TV http://afreeca.com/devil0108GAMST TV watch live http://play.afreeca.com/devil0108COPYRIGHTS ⓒ 2015 BY GAMST. ALL RIGHTS RESERVED."
"ExsQXg7nesk","[12/20] 주진우, 신장식, 장용진, 김영우, Moon | 김어준의 뉴스공장","2019-12-20T00:13:10.000Z","UC5HSw5OY2vfVFSihpiB-AVQ","tbs 시민의방송","25","19.20.12","tbs|김어준|뉴스공장|삼성노조|선거법|국회|패스트트랙|공수처법|연동형비례제|석패율제|연동형캡|심재철|황교안|민주당|바른미래당|자유한국당","402673","29432","395","625","https://i.ytimg.com/vi/ExsQXg7nesk/default.jpg","False","False","12월20일(금) 김어준의 뉴스공장 LIVE / tbsTV & FM◎ 1부[ 이 정도는 알아야 할 아침 뉴스 ]- 류밀희 기자 (tbs)◎ 2부[ 인터뷰 제1공장 ]삼성의 노조 와해 시나리오, 법원 유죄 판결의 의미!- 주진우 기자[ 인터뷰 제2공장 ]전대미문의 편파 재판이라는 검찰, 모든 게 이례적 작정하고 행동한 것- 신장식 변호사 (금융정의연대 법률지원단장)- 장용진 기자 (아주경제 법조팀장)- 김윤우 (변호사)◎ 3부[ 영우본색 ]제1야당 배제한 선거법 논의 잘못, 연동형 밀어붙이면 비례한국당 만들 것- 김영우 의원 (자유한국당)◎ 4부[ 인터뷰 제3공장 ]금요음악회 “Be True to Me (Savor a Mi) & Winter Wonderland”- 재즈 보컬리스트 Moon (문혜원)- 피아니스트 데이브 유[ 까칠한 미식가 ]대한민국은 치킨공화국이 아니다- 황교익 맛칼럼니스트----------------------------------------------▶tbs 페이스북 https://www.facebook.com/mylovetbs/▶tbs 홈페이지 https://www.tbs.seoul.kr/▶네이버TV (김어준의 뉴스공장) http://tv.naver.com/newsfactory ▶tbs 커뮤니티 http://bit.ly/2EaWnQp"
"LdOM0x0XDMo","TENET - Official Trailer","2019-12-19T16:59:42.000Z","UCjmJDM5pRKbUlVIzDYYWb6g","Warner Bros. Pictures","24","19.20.12","TENET|Christopher Nolan|WB|Warner Bros|Warner Brothers|Syncopy|John David Washington|Robert Pattinson|Espionage|Thriller|Action","5546450","208912","4356","16110","https://i.ytimg.com/vi/LdOM0x0XDMo/default.jpg","False","False","www.tenetfilm.comwww.instagram.com/tenetfilmwww.facebook.com/tenetfilmwww.twitter.com/tenetfilm"
"-zhasIq8i7o","[문명특급 EP.89] 김이나도 고개를 내두른 숨듣명 1위곡ㅋㅋㅋㅋㅋㅋ 자꾸 발뺌 함ㅋㅋㅋㅋㅋ (feat.태연 아이유 샤이니 가인 etc)","2019-12-19T08:00:12.000Z","UCUyfkq9e9ZfPzxOW5WQ9rzQ","문명특급 - MMTG","24","19.20.12","문명특급|스브스뉴스|재재|SBS","468367","16528","99","1343","https://i.ytimg.com/vi/-zhasIq8i7o/default.jpg","False","False","드디어 숨듣명 고인물 김이나 작사가님이 나왔습니다!!🤑'대.다.나.다.너' 듣자마자 갑자기 부산스럽게 변명을 시작하시는 이나쌤,,😚곳간에서 나온 인심으로 한결 훈훈해진 현장 보러 가시죱🏃 #문명특급 #숨듣명 #김이나책임 프로듀서/하현종  프로듀서/정연  진행·구성/이은재  촬영/정상보 정훈  촬영보조/김종진  디자인·CG/김하경  조연출/김희연 김혜민 인턴  연출/홍민지"
"6sy_J83vmr8","여긴 강에 건더기가 왜 이리 작아!!!🤬 역시 베어그릴스, 캐나다 자연을 뒤집어놓으셨다! [Man vs Wild]","2019-12-20T08:00:00.000Z","UCI6bxkc4WHwIHLis1Hg2jTw","디스커버리 채널 코리아 - Discovery Korea","24","19.20.12","Discovery Channel Korea|discovery|디스커버리|다큐멘터리|다큐|베어그릴스|Bear Grylls|디스커버리 채널|베어|베어 그릴스|Man vs Wild|man vs wild|manvswild|맨 vs 와일드|인간과 자연의 대결|인간대자연|낚시|물고기|물고기 먹방|생선|생선 먹방|연어|송어|숭어|회|물고기 사냥|사냥|야생|야생 먹방|자연|정글|정글 먹방|먹방|베어그릴스 먹방|먹방 모음|생존|생존 먹방|동물|동물농장|애니멀봐|곰|포식자|맹수|사자|호랑이|악어|상어|뱀|독사|정글의 법칙|자연인|나는 자연인이다|윽박|최고다 윽박|준아|우마|UMA|캐나다","301927","6715","106","1468","https://i.ytimg.com/vi/6sy_J83vmr8/default.jpg","False","False","즐거운 발견, Joy of Discovery!세상의 모든 즐거움을 ‘구독’ 클릭 한번으로 발견해 보세요! 구독하기: https://bit.ly/2VCbpqE캐나다 유콘에 상륙한 베어그릴스!물고기 사냥과 빙하, 폐광 탈출 기술을 선보입니다.*Original Series [Man vs Wild]----------------------------------------------------------------------------------------------디스커버리 채널은 KT올레TV 177, SK BTV 261, LGU+TV 194, 스카이 라이프 130, CJ헬로 210, 딜라이브 171, 티브로드 239번(케이블은 각 지역케이블 문의)에서 시청 가능합니다."
"lLaGtKhSqO8","[일차원적그녀석 특별편]EP.01 | 오늘 일진 개똥이에요","2019-12-20T08:30:02.000Z","UCEffavre8oTRcQ8jVdnswPw","초관심","24","19.20.12","재능방송|재능TV|초관심|일차원적그녀석|특별편|풀영상|환경부|머피의법칙|샐리의법칙|줄리의법칙|일진|개똥|일녀석|유버들|마음이버들버들해","56853","2400","20","197","https://i.ytimg.com/vi/lLaGtKhSqO8/default.jpg","False","False","일차원적 그녀석 특별편 EP.01 풀영상이 보고싶다면 환경부 유튜브 채널로 이동!#일녀석 #특별편 #머피의법칙★ 초관심 '더'보기   - 인스타그램 : https://www.instagram.com/chogwansim.official/ - Facebook : https://www.facebook.com/withjeitv    - Naver TV : https://tv.naver.com/jeidrama3                        https://tv.naver.com/jeidrama  - V Live : https://channels.vlive.tv/DAE489  - 카카오TV : https://tv.kakao.com/channel/2673933  - 초관심 Global  :https://www.youtube.com/channel/UCSHnND4ckN9FsPT28Ow4uAQ★ '초관심' 채널 구독과 좋아요를 눌러주세요~♡"
"10hIUUTxJa8","왜 나만 상처 받아? 너도 똑같이 느껴봐. 100배로 돌려줄게","2019-12-19T12:27:43.000Z","UCW_WhXrfK3uPgljcdjFbsbg","송대익 Songdaeik","22","19.20.12","한국|korea|south korea|korean|대한민국|안산|ansan|송대익|남자|man|gentleman|친구|friend|우정|Friendship|유머|코믹|웃긴 영상|코미디|comedy|재미|funny|장난|joke|여자|여성|girl|lady|사람|인물|people|아프리카tv|비제이|bj|web|drama|웹|드라마|웹드라마|우결|진결|웹툰|여자친구|전여친|여친|썸녀|썸|커플|couple|달달|설렘|탈모|애나벨|annabell|오예스|대구|daegu|저격|공개|인스타|insta|악플러|인스타그램|댓글|comment|대응|열등감|자격지심|사이다|유명인|감정|기분|instagram|답글|dm","533696","16352","998","1707","https://i.ytimg.com/vi/10hIUUTxJa8/default.jpg","False","False","편집 : 제우, 태은무삭제 풀버전 - https://www.youtube.com/channel/UCn0X5CrDoVs9f7m9g3S1MpA대익 어린이에 대해 더 알고 싶다면아프리카tv 개인방송국 - http://bj.afreecatv.com/songdaeik페이스북 계정 - https://www.facebook.com/songdaeik페이스북 페이지 - https://www.facebook.com/songdaeik.page인스타그램 - https://www.instagram.com/songdaeik광고 및 협업 문의는 play1547@hanmail.net 으로 연락주시면 감사드리겠습니다. #English기억 - 배성모 👍🏻Youtube : http://reurl.kr/259358C7OBMusic Playlist by http://reurl.kr/259358B9VD"
"7QetMZfaOuY","19.12.20 [앵그리블루] 유튜브 조작규탄 집회・윤석열 검찰 힐링 뮤직 페스타 생방송(3)","2019-12-20T12:53:48.000Z","UCR0VAgd0w8QI7WWQ0E8Srdw","황장수의 뉴스브리핑o","25","19.20.12","황장수|뉴스브리핑|앵그리블루","63910","6541","159","139","https://i.ytimg.com/vi/7QetMZfaOuY/default.jpg","False","False","미래경영연구소 회원모집1.홈페이지 www.newsbriefing.co.kr 에서 직접 가입 2.성함,휴대폰번호,주소를 문자로 발송: 010-9558-78033.회원 계좌 : 우리은행 1005-702-928498 미래경영연구소4.해외 교포 : PayPal 계좌 pjbjp24@naver.com"
"X9N-Dda5A1U","VMC 사장 딥플로우, 이제 떡볶이 사업 시작?? | 아마두 순위 공약 #1 | [둘도없는힙합친구 : DAMOIM(다모임)] 쌈디 염따 더콰이엇 팔로알토 딥플로우","2019-12-20T09:00:13.000Z","UCviI9lzTe2pkxJ9M2ArA7WQ","dingo freestyle","10","19.20.12","dingofreestyle|dingo|freestyle|df|딩프|힙합|HipHop|랩퍼|싸이퍼|랩라이브|쇼미더머니|고등래퍼|딩고프리스타일","225953","6468","70","741","https://i.ytimg.com/vi/X9N-Dda5A1U/default.jpg","False","False","#딩고프리스타일 #DingoFreestyle #다모임★딩고 프리스타일 구독하기 click https://www.youtube.com/user/nunnaamo?sub_confirmation=1 힙합 좀 즐길 줄 아는 사람이라면 지금 바로 딩고 프리스타일 구독하기!  ★이번 주 BEST :: https://youtu.be/uBCF7xziPY0 ↘DF LIVE :: 스웨그 넘치는 라이브 https://www.youtube.com/playlist?list=PLCzi3FapEEFD-sv6mo1f406K8E0d4TuTG ↘DF INTERVIEW :: 힙합퍼들의 리얼 인터뷰 https://www.youtube.com/playlist?list=PLCzi3FapEEFCKNILJwcWSxPu9k4jXVtEn  ★딩고 뮤직 구독하기 click https://www.youtube.com/channel/UCtCiO5t2voB14CmZKTkIzPQ?sub_confirmation=1 ★일소라 구독하기 click https://www.youtube.com/channel/UCAbd8xHBGObktNG6F4GeChA?sub_confirmation=1"
"En8k4b0i9Y8","다시는 안 그러겠습니다","2019-12-19T11:52:37.000Z","UCIA-LPHNERP2MDUQpp2RVHg","케이","24","19.20.12","케이|케튜브","282723","3196","1612","394","https://i.ytimg.com/vi/En8k4b0i9Y8/default.jpg","False","False","짭구x유화x케이 풀영상▶https://www.youtube.com/watch?v=wESPaEYuAcs&t=1747s■아프리카TV: http://afreecatv.com/zpdl1313■페이스북: https://www.facebook.com/junggyu2?fref=ts■인스타그램: wndrb1123짭구 유화□문의: kbj3898@naver.com"
"-c7_QJdgbk4","[이춘근의 국제정치 122회] ① 북한 핵 최종 해법: Trump에게 보낸 북한 전직 고위 관리의 편지","2019-12-19T21:30:00.000Z","UCbCjcJ2G5zqZ5TBeN6DriPQ","이춘근TV","25","19.20.12","이춘근TV|이춘근|이춘근의국제정치|국제정치|한반도문제|국제문제|국가안보|북핵문제|북핵위협|북미관계|한미동맹|한미관계|International|Politics|패권경쟁|패권전쟁|NATO|방위비증액|방위비 5300억달러증액|610조원|Matthew Pottinger|Allison Hooker|탈북자편지|고위관리탈북자 편지|김일성 유훈|김정일 유훈|제네바합의|북한비핵화|한반도비핵화|한반도의 완전한 비핵화|싱가포르회담|판문점선언|판문점회담|평양선언|919평양선언|궁정경제|북핵해법|북한핵해결|북핵위기","90505","10047","339","310","https://i.ytimg.com/vi/-c7_QJdgbk4/default.jpg","False","False","※ 2019.12.18 촬영하였습니다 ※♥ 후원안내 ♥ ※국내 후원 예금주: 이춘근 국제정치 아카데미　　　  　　100-033-303453 신한 ※해외 후원 PayPal 계정　　　　　https://www.paypal.me/lcktv※ 페이스북 : www.facebook.com/LCKTV※ 채널안내 : youtube.com/c/이춘근TV※ '구독'과 '알림'을 통해 많은 관심 부탁드려요!　 자주 업로드 될 수 있도록 노력하겠습니다　※ 관련없는 언쟁, 인신공격, 비속어, 　 링크 댓글, 도배성 글은 　 예고없이 삭제 또는 댓글차단합니다　※ 본 영상의 모든 저작권은 ‘이춘근TV’에 있습니다.　 무단으로 수정, 게시, 불펌을 금합니다."
"8j3scaJseoo","윤석열 큰일났네.. 여당 검찰특위 열받았다. 설훈 입 열어라, 윤석열","2019-12-20T04:30:00.000Z","UC1ihKJ6GH37xoWdtllZqhLw","팩트TV NEWS","25","19.20.12","팩트티비|팩트TV|대안방송|FACTTV|커널뉴스|시사|정치|뉴스|더불어민주당|자유한국당|바른미래당|민주평화당|국회|정의당","69908","4883","97","508","https://i.ytimg.com/vi/8j3scaJseoo/default.jpg","False","False","2019년 12월 20일 더불어민주당 확대간부 회의에서 설훈 최고위원은 검찰이 빠른 수사를 위해 사건을 받아간지 몇달이 지났다.며,윤석열 검찰은 국민앞에 한 약속에 대해서 책임있는 답변을 내놓아야 할 것이다.라고 하였다. [영상 제보 받습니다] 진실언론 팩트TV가 독자 여러분의 소중한 제보를 받습니다. 뉴스 가치나 화제성이 있다고 판단되는 영상을 (facttvdesk@gmail.com)로 보내주시면  적극 반영하겠습니다.#팩트TV 정기후원회원이 되어주세요. ARS신청 1877-0411, 직접신청 https://goo.gl/1OjzfE공식후원계좌▶ 우리은행, 1002-142-508338 이상엽이 영상의 저작권은 팩트TV에 있습니다. 본 영상물은 공유 및 소스코드 배포에 한해 허용합니다. 그 외 임의적인 편집 및 가공은 영상출처를 밝힌다해도 본사의 허락없 이 사용할 경우 저작권법 위반에 해당합니다. 팩트TV http://facttv.kr촬영 : 배희옥편집 : 김민영"
"Vwu8irTvd04","[김종배의 시선집중] 정경심 재판부에 검찰 집단반발... 왜 또? - 김남국 (변호사)","2019-12-20T00:22:55.000Z","UCTTmtS2ljy1vyl_s-d_LEHQ","MBC라디오","25","19.20.12","[none]","99939","5010","81","420","https://i.ytimg.com/vi/Vwu8irTvd04/default.jpg","False","False","2019년 12월 20일 [김종배의 시선집중]| 출연 : 김남국 (변호사)|인터뷰 전문보기|http://www.imbc.com/broad/radio/fm/look/interview/index.html?list_id=7045452"
"TTtV5f-4vqU","소원권으로 광기 충만한 여사친을 참교육 하려다가...😑","2019-12-19T10:01:05.000Z","UC1L79yKbmVepsCYusa4KHLQ","깨박이","24","19.20.12","봉준|깨박이|킴성태|배틀그라운드|남순|킹기훈|보겸|엔터테이너먼트|여사친|썸녀|우결|아프리카TV|BJ|여캠|여동생|VLOG","361250","2443","329","232","https://i.ytimg.com/vi/TTtV5f-4vqU/default.jpg","False","False","BJ꽃뽀님과 합동 방송 영상입니다.AFREECATV Live ☞ http://play.afreecatv.com/dlghfjsInstgram ☞ https://www.instagram.com/dlghfjs/광고&문의는 dlghfjs@hanmail.net 로 연락주세요.#여사친#ENG SUB"
"JJYYCDr9Usg","[충격] 유재석 첫 단독 기자회견 이유","2019-12-19T11:37:18.000Z","UC0M-_02RJqMlGTKUjF1WhJg","가로세로연구소","25","19.20.12","가로세로연구소|가세연|강용석|김세의|김용호|변희재|김건모|유재석|무도|무한도전|김태호|서장훈|아는형님|JTBC|MBC|CJ|TVN|최승호|문재인|김의겸|황교안|박근혜","648283","29521","18837","2005","https://i.ytimg.com/vi/JJYYCDr9Usg/default.jpg","False","False","가로세로연구소 구독 후원 방법정기구독 후원 ARS 1877-0665기업은행 655-026629-01-014 (예금주 : (주)가로세로연구소)국민은행 465101-01-273030 (예금주 : (주)가로세로연구소)농협 301-0237-9687-51 (예금주 : (주)가로세로연구소)신한은행 140-012-467674 (예금주 : (주)가로세로연구소)우리은행 1005-903-621647 (예금주 : (주)가로세로연구소)KEB하나은행 155-910040-33004 (예금주 : (주)가로세로연구소)투네이션 기부 : https://toon.at/donate/hoverlabPaypal (해외거주자용) : https://paypal.me/hoverlabUSA Citi Bank : Account Number (9250716923), Routing Number (254070116), SWIFT Code (CITI US 33), Account Title (Hover Lab Co.), Address (14028 Marblestone Dr., Clifton, VA, USA 20124)CANADA Shinhan Bank : Account Number (700000149910), Institution Number (355), Transit Number (08101), SWIFT Code (SHBKCATTXXX), Account Title (Hover Lab Co.), Address (14028 Marblestone Dr., Clifton, VA, USA 20124)홈페이지 가입 : http://www.hoverlab2018.com카카오톡 채널 : http://pf.kakao.com/_ilWvT제보 이메일 : jebo2022@gmail.com"
"6qQ8F9UWf3g","🍇 마이구미 슬라임으로 액괴만들기 🍇 | 파스텔로 마이구미 | 액괴만들기 | 말랑맨들질깃 | slime | 뿌직","2019-12-20T08:40:29.000Z","UCDW6-1BLKS3iGqa3jWZm1yw","뿌직PPUJIG","22","19.20.12","[none]","74596","4205","80","1316","https://i.ytimg.com/vi/6qQ8F9UWf3g/default.jpg","False","False","안녕하세요! 뿌링클여러분 ♡ 시험 끝나고 돌아온 뿌직입니다 :)영상 얼른 올리고 싶어서 시험 끝난 날 바로 촬영했어요 ㅎㅎㅎ 🎬이제 곧 겨울방학인데 방학에도 꾸준히 업로드하도록 노력할게요 ◡̈오늘도 제 영상 보러 와주셔서 정말 감사드리고 사랑합니다 ❤요즘 해가 정말 짧아져서 벌써 어둡네요! 편안한 밤 보내세요 🌙❥구독과 좋아요 감사합니다!❥made by. 뿌직❥촬영-갤럭시노트 10+❥편집-파워디렉터❥폰트-소복소복❥음악-박페노님의 커피 마시고 싶은 브금https://youtu.be/FGkHoX4DMdo"
"4jlUgQ3i6uo","롤만 3천판?! 괴물쥐의 3대 측정(직장 내 시청 절대금지!)","2019-12-18T03:16:10.000Z","UCYJDUekoQz0-bo8al1diLWQ","말왕TV","17","19.20.12","괴물쥐|장지환|롤|트위치|원딜","802577","12036","206","3157","https://i.ytimg.com/vi/4jlUgQ3i6uo/default.jpg","False","False","말왕 이메일 : ragoona88@gmail.comhttp://bit.ly/horsekingtv  (*링크가 horseking에서 horsekingtv로 바뀌었습니다)마이프로틴! 이 링크를 이용하시면 5% 더 추가할인 혜택!*마지막 결재 창 할인코드에 'horseking'을 기재 하셔야 합니다!!"
"sDmaC9VWSKM","[대처WEEK_25] 집 밖으로 나와라 좀!! 집순이를 집에서 나오게 하는 방법 | 대처법","2019-12-20T07:00:10.000Z","UCBb9HTiHgieWmcX6GHp64dg","대처법","24","19.20.12","대처법|쉐어하우스|ㄷㅊㅂ|ecq","55118","1476","22","176","https://i.ytimg.com/vi/sDmaC9VWSKM/default.jpg","False","False","왜 이렇게 집에만 있는지 얼굴 한 번 보기가 너무너무 힘들다구... ㅠㅅㅠ친구야 집 밖으로 나와라 좀...! ( •᷄⌓•᷅ )집순이 친구 있는 사람들 모여라~~~!!!집순이를 집에서 나오게 하는 방법!------------------------------------------------------------------------------매주 월 / 수 / 금 4시 마다 찾아오는 대처법일상 속 공감 가득 영상들을 만나보세요☞ 수_ 솔직히 언젠가는 써먹을 인생 [대처법]☞ 월 / 금_ 촬영장 [비하인드]부터 공감가득 [순간들], [말말말], [유형]까지!구독GO! 알림ON! ( ╹ਊ╹)"
"JDyCe7Rw8f4","[사랑과 전쟁] 돈으로 사위 무시할 땐 언제고 이제와 먹여살리라는 장인장모","2019-12-20T02:16:51.000Z","UC0EpedkBG2k7kd8UGJuYShQ","케미TV KemiTV","24","19.20.12","케미tv|케미티비|kemitv|막장드라마|사랑과전쟁|사랑과 전쟁|사랑전쟁|시즌3|사랑과전쟁 시즌3|사랑과 전쟁 시즌3|막장|kbs|복수|바람|커플|불륜|남친|여친|아내|남편|부부|부부클리닉|사랑|애증|유머|웃긴 싸움|시어머니|시집살이|시누이|미친|고부|친정|임신|이혼|사이다|고구마|빡침|정의","133863","1731","67","365","https://i.ytimg.com/vi/JDyCe7Rw8f4/default.jpg","False","False","#현실 은드라마보다더해#막장 의원조#사랑과전쟁시즌2 112화 처월드 전성시대 편※ 과한 욕설이 포함된 댓글논란을 조장하는 글은 임의로 삭제될 수 있습니다※※케미TV는 재업로드를 하지 않습니다※ ▶케미TV 구독하기 https://goo.gl/jbuLyt▶관련 재생목록 https://goo.gl/P8sK63◈케미TV 공식 사이트◈▶페이스북 https://www.facebook.com/kemitv/▶유튜브 https://goo.gl/rU7FXE"
"QWww6Ek69Io","[골라봐야지][꿀잼]거의 울면서 카피추 편집했다네요↗  순수창작곡 장인의 美친매력♥ #아는형님 #JTBC봐야지","2019-12-19T10:59:16.000Z","UCF3UEVPt5zZTlBVJwDG317g","JTBC Voyage","24","19.20.12","JTBC|VOYAGE|봐야지|JTBC봐야지|골라봐야지|카피추|선릉역으로|카피|추대엽|펭수|피오|이승윤|메칸더|Choo Dae Youp|으르렁|달려라 하니|표절|논란|표절곡|입덕영상|유튜브인기|인기영상|꿀잼영상|꿀잼|sorry sorry|신동|Shin Dong|신동희|SM|엑소|EXO|으른이|편곡|싱어송라이터|인간극장|유병재|창작의 밤|표절제로|Yoo Byung jae|아기상어|정세운|Jeong Se woon|장성규|Jang Sung Kyu|상어가족|baby shark","493868","8700","161","718","https://i.ytimg.com/vi/QWww6Ek69Io/default.jpg","False","False","으른이~으른이~으른이~ 말하는데!어디서 많이 들어봤다? 싶은 노래 같으면서도순수 창작곡이라고 하니까 할 말이 없네..산에서 내려온 산남자, 카피추의 신비한 음악 사전♬들으면 들을수록 빠져든다…[JTBC봐야지] 구독하기☞ http://bitly.kr/VgFZ3"
"vwZRdTHa-T8","이걸 어떻게 맞추라고.... :: 브레인 아웃 2편","2019-12-19T06:30:00.000Z","UCgjaQlejpAnIu0q-xtVfTEw","밍모","20","19.20.12","게임|모바일게임|밍모|밍모게임|밍모모바일게임","98380","1270","105","272","https://i.ytimg.com/vi/vwZRdTHa-T8/default.jpg","False","False","밍모와 함께하는 브레인아웃~!편집자: 우렁이아래 [더보기]를 눌러주세요.밍모의 직접체험관에 와주신 여러분너무너무 감사드립니다 ^^영상 업로드 시간평일: PM 03:30 = 방학 AM:09:00주말: AM 09:00밍모 팬카페: https://cafe.naver.com/mingduckhoo밍모 인스타그램: https://www.instagram.com/mingmoisgood/밍모 팬아트 및 비즈니스 문의: stare_@naver.com밍모 팬선물: 서울특별시 강남구 테헤란로 518 15층 샌드박스 크리에이터명#브레인아웃#BrainOut#미션"
"UOQMHcxxqec","(속보)조국 파헤친 주광덕 의원,어마어마한 후보매수사건 폭로! 오늘 임종석ㆍ한병도 검찰 고발한다!!","2019-12-19T22:40:29.000Z","UC45hk7RSPPS_tezwn5rcL0A","전옥현 안보정론TV","25","19.20.12","[none]","85597","11858","756","499","https://i.ytimg.com/vi/UOQMHcxxqec/default.jpg","False","False",""
"v9A83eTDQZc","반지 프로포즈, 그리고..","2019-12-19T12:17:53.000Z","UC69uMhRJcUnvMnMxKT2SS0w","(MUTUBE)와꾸대장봉준","22","19.20.12","봉준|김봉준|와꾸대장봉준|무튜브|아프리카|mutube|Bongjun|보미|봉보미|봉준보미|커플|프로포즈|봉보미 커플|봉준보미 프로포즈|커플 고백|커플 프로포즈|지혜|외질혜|봉준 지혜|봉준 외질혜","194562","2042","378","272","https://i.ytimg.com/vi/v9A83eTDQZc/default.jpg","False","False","#봉준 #보미 #고백 #프로포즈★구독+좋아요+알람 사랑합니다ㅇ0ㅇ★[클릭한번만..!  https://www.youtube.com/channel/UC69uMhRJcUnvMnMxKT2SS0w?sub_confirmation=1]"
"-A1WRKdcFI8","[ENG sub] 재엽&혜수 마지막 데이트. 둘 만의 추억을 되새기며ㅣ오늘 저녁 8시 최종회ㅣ썸바디2","2019-12-20T02:10:04.000Z","UCepUWUpH45hRTi-QePdq1Bg","Mnet Official","24","19.20.12","Mnet|썸바디2|썸바디|김소리|이예나|최예림|윤혜수|박세영|장준혁|강정무|송재엽|이도윤|이우태","100971","797","68","359","https://i.ytimg.com/vi/-A1WRKdcFI8/default.jpg","False","False","재엽&혜수 마지막 데이트. 둘 만의 추억을 되새기며ㅣ#오늘 #저녁8시 #최종회춤 愛 빠진 댄서들의 짙은 사랑댄싱 로맨스 ＜#썸바디2＞12/20(금) 저녁 8시 최종회------------------------------------------------------------------ ▶[Mnet] 구독 http://www.youtube.com/channel/UCepUWUpH45hRTi-QePdq1Bg?sub_confirmation=1 ▶[썸바디2] 지금 뜨는 동영상 : http://www.tving.com/smr/vod/player/P/C01_B120193755?from=youtube ▶[Mnet] 라이브 : http://www.tving.com/live/player/C00579------------------------------------------------------------------ #Mnet#썸바디2#썸바디#김소리#이예나#최예림#윤혜수#박세영#장준혁#강정무#송재엽#이도윤#이우태"
"0M2EcxRlyYQ","당신이 몰랐던 레스터 시티의 5가지 비밀 (수비편) | 체육볶음 경발라 Ep.02","2019-12-19T22:37:02.000Z","UCkFGfvN6AAhoBVSqju0CgmA","SPOTV 체육볶음","17","19.20.12","레스터|레스터시티|레스터 맨시티|레스터 리버풀|리버풀 레스터|레스터 우승|소윤쿠|쇠윈지|수비수 스페셜|수비수 하이라이트|에반스|히카르두 페헤이라|벤 칠웰|찰라르 쇠윈지|조니 에반스|카스퍼 슈마이켈|수비수 축구화|수비수 강좌|수비수 피파4|수비수 유망주|수비수 탈압박|레스터시티 우승|레스터시티 구단주|EPL 하이라이트|체육볶음|장지현 해설|해리 매과이어|최소 실점|브렌던 로저스|제이미 바디|제임스 매디슨|유리 틸레망스|윌프레드 은디디|축구 스피드 스페셜|센터백|센터백 스페셜|풀백|풀백 스페셜|센터백 하이라이트|백태클|세트피스|세트피스 전술|리버풀 전범기","183862","2459","46","469","https://i.ytimg.com/vi/0M2EcxRlyYQ/default.jpg","False","False","#체육볶음 #경발라 #레스터시티레스터 시티는 어떻게 프리미어리그 최소 실점 1위가 되었을까?※ 이 영상 하나로 정리해드립니다! ※ (00:17 ~ 02:21) 찰라르 쇠윈지(02:22 ~ 03:21) 조니 에반스(03:22 ~ 04:23) 히카르도 페헤이라(04:24 ~ 05:05) 벤 칠웰(05:06 ~ 05:39) 카스퍼슈마이켈(05:40 ~) 레스터 2탄 예고!이번 영상은 수비편만 다룬 영상입니다. 공격편은 토요일 공개 예정입니다!SPOTV표 황금레시피, 체육볶음!"
"lLbfVSmfwEo","여자들 이럴때 남자들은 정말 이해가 안된다!! 공감랭킹 BEST 7ㅣ기특한 토깽","2019-12-20T09:00:14.000Z","UCsqJJPqihIU25fCNiwR5Thg","기특한토깽","23","19.20.12","기특한 토깽|코미디|쌍둥이|자매|시트콤|토깽이|상황극|1인2역|1인시트콤|유형|너라면|공감|토깽|기특한토깽|당근|최당근|현실자매|개그|1인극|고등학생|고등학교|꽁트|콩트|흔한자매|공감랭킹|남자시선|여자가 이해 안될때","25160","633","23","105","https://i.ytimg.com/vi/lLbfVSmfwEo/default.jpg","False","False","#기특한토깽 #남자시선 #공감랭킹남자들은 모르는 여자들만의 세계~ㅋㅋㅋ여러분들 공감 하시나요?오늘도 공감랭킹 가즈아~~♡구독과 좋아요 알림설정 딸랑딸랑♡Business e-mail : rabbitcym2@naver.com (채널명을 꼭 적어주세요)Instagram : @rabbit_special-본 영상의 저작권은 (주)래빗미디어에 있습니다. 영상을 무단 복제 및 배포시 법적 처벌을 받을수 있습니다.[라이센스표기]1. Kevin MacLeod의 Barroom Ballet - Silent Film Light은(는) Creative Commons Attribution 라이선스(https://creativecommons.org/licenses/by/4.0/)에 따라 라이선스가 부여됩니다.출처: http://incompetech.com/music/royalty-free/index.html?isrc=USUAN1100310아티스트: http://incompetech.com/2. Audionautix의 You So Zany은(는) Creative Commons Attribution 라이선스(https://creativecommons.org/licenses/by/4.0/)에 따라 라이선스가 부여됩니다.아티스트: http://audionautix.com/3. Kevin MacLeod의 Baltic Levity - Thatched Villagers은(는) Creative Commons Attribution 라이선스(https://creativecommons.org/licenses/by/4.0/)에 따라 라이선스가 부여됩니다.출처: http://incompetech.com/music/royalty-free/index.html?isrc=USUAN1100720아티스트: http://incompetech.com/4. Audionautix의 Clowning Around은(는) Creative Commons Attribution 라이선스(https://creativecommons.org/licenses/by/4.0/)에 따라 라이선스가 부여됩니다.아티스트: http://audionautix.com/5. Audionautix의 Busybody은(는) Creative Commons Attribution 라이선스(https://creativecommons.org/licenses/by/4.0/)에 따라 라이선스가 부여됩니다.아티스트: http://audionautix.com/6. Kevin MacLeod의 Investigations은(는) Creative Commons Attribution 라이선스(https://creativecommons.org/licenses/by/4.0/)에 따라 라이선스가 부여됩니다.출처: http://incompetech.com/music/royalty-free/index.html?isrc=USUAN1100646아티스트: http://incompetech.com/7.Kevin MacLeod의 Baltic Levity - Thatched Villagers은(는) Creative Commons Attribution 라이선스(https://creativecommons.org/licenses/by/4.0/)에 따라 라이선스가 부여됩니다.출처: http://incompetech.com/music/royalty-free/index.html?isrc=USUAN1100720아티스트: http://incompetech.com/  ===================================================-본 영상의 저작권은 (주)래빗미디어에 있습니다. 영상을 무단 복제 및 배포시 법적 처벌을 받을수 있습니다."
"URGjCnwCE2c","피온4 세계대회 첫 상대로 중국팀을 만났는데...","2019-12-19T08:00:02.000Z","UCIchCOLwLBMD87quHlNuXjQ","동네형 박성주","20","19.20.12","울산큰고래|울큰고|큰고래|고래|UBW|ULSANBIGWHALE|GTA5|실험|일상|브이로그|먹방|몰래카메라|몰카|피파4|박성주 피파|eacc|박성주 eacc|샌드박스 게이밍|피파 샌드박스|피파 eacc|피파온라인4|피파 대회","116861","1774","60","235","https://i.ytimg.com/vi/URGjCnwCE2c/default.jpg","False","False","[EACC 2019 WINTER 넉아웃 스테이지]12월 19일 목요일 오후 3시12월 20일 금요일 오후 3시넥슨 아레나에서 현장 관람 가능하며아프리카TV, 유튜브, 트위치로 생방송 시청 가능합니다.엘리트는 이제 샌드박스 게이밍 이라는 이름으로 경기에 나섭니다.여러분의 많은 응원 부탁 드리겠습니다!!편집  : 박종원항상 유쾌한 영상을 만들기 위해 노력하는 동네형 박성주 채널입니다!매일 영상 업로드 되니까 구독 꼭 부탁드립니다 (_ _)BGM------------Track: ROY KNOX - Earthquake [NCS Release]Music provided by NoCopyrightSounds.Watch: https://youtu.be/z_m0wtLMfdUFree Download / Stream: http://ncs.io/EarthquakeSponsored by EA"
"cD0cUkSOTIM","'무한도전' 출연했던 김건모 절친이...","2019-12-19T01:39:39.000Z","UC2vZ-y5LAIaqJt5aIp9o-Tg","김용호연예부장","25","19.20.12","[none]","404963","16492","3929","1782","https://i.ytimg.com/vi/cD0cUkSOTIM/default.jpg","False","False",""
"xP3Cf-H4zA0","어머니 생전에 효도를 못해서 후회돼요","2019-12-20T01:05:28.000Z","UCLjGAm9RZZF1UDXl-ZIf9ww","법륜스님의 희망세상만들기","29","19.20.12","법륜스님|즉문즉설|희망세상만들기","33911","889","24","63","https://i.ytimg.com/vi/xP3Cf-H4zA0/default.jpg","False","False","제가 고등학교를 졸업한 후 직장에 다니면서 가장 역할을 하며 그동안 고생하신 어머님께 효도를 다 하려고 최선을 다했습니다그런데 저도 혼기가 되어 결혼하게 되었고 그때만 해도 여자는 결혼하면 직장을 다닐 수 없었습니다전업주부로 더군다나 전신 마비인 시어머니를 병간호하느라 친정 부모님을 자주 찾아뵙지도 못하고 경제권도 시어머니가 가지고 있어서 용돈 한 번 드리지도 못했습니다시어머니는 친정 부모님보다 12살이나 많으셨기 때문에 시어머니한테 최선을 다하고 난 다음에 친정어머니께 효도하겠다고 생각을 했는데 친정어머니께서는 제가 결혼한 지 2년 만에 돌아가셨습니다시어머니 계셔서 어머니가 돌아가시고 나서도 실컷 목 놓아 울어보지도 못했습니다그게 한이 되어서 지금 어머니 돌아가신 지가 38년이나 됐는데 지금도 TV에서 친정어머니 얘기만 나와도 특히 결혼식장, 환갑잔치, 칠순잔치 가면 눈물을 주체할 수가 없습니다다 지난 일이고 소용이 없다는 것도 알고 있지만 가슴속의 상처가 치유되지 않습니다"
"QdYRke5HRMI","가게에 먹튀범이 발생했습니다","2019-12-19T11:57:36.000Z","UC9nFMAQcn0bqIrEV9vUdU1g","사나이 김기훈","23","19.20.12","레전드|김기훈|아프리카tv|아프리카김기훈|킹기훈|끼후이|사나이김기훈|버억|기훈|기훈가현|가현|퀸가현","303451","3049","110","434","https://i.ytimg.com/vi/QdYRke5HRMI/default.jpg","False","False","구독과 좋아요 알림설정 꼭 부탁드립니다 :)광고&편집문의 : 771tube@naver.com킹기훈 아프리카 TV : https://bit.ly/34DZ3mG킹기훈 페이스북: https://bit.ly/32s8a8x킹기훈 인스타: https://bit.ly/2Q0oaMs"
"75SjLInu6E4","[이세돌 VS AI 한돌 2국] 이세돌, 한돌에 불계패…현재 1대 1 무승부 (풀영상) / SBS","2019-12-19T07:18:43.000Z","UCkinYTS9IHqOEwR1Sze2JTw","SBS 뉴스","25","19.20.12","[none]","156585","829","95","120","https://i.ytimg.com/vi/75SjLInu6E4/default.jpg","False","False","이세돌 9단과 국산 AI '한돌'이 어제에 이어 오늘(19일) 낮 12시 두 번째 바둑 대결에 나섭니다. 이번 대국은 실력이 같은 사람들이 맞대결하는 '호선', 맞바둑으로 진행됩니다. 어제 제1국에서는 AI가 어이없는 실수를 저질러 이세돌의 완승으로 끝났고, 이세돌은 허무하다. 한돌이 2,3국에서는 더 많이 준비해야 하지 않을까라고 말해 화제가 되기도 했습니다.  오늘 대국에 이어 토요일 고향인 신안에서의 3국을 끝으로 이세돌 9단은 전설로 남게 됩니다.SBS뉴스 유튜브와 홈페이지, 방송을 통해 오늘 대국을 생중계로 전해드립니다. 많은 시청 부탁 드립니다. ▶SBS 뉴스 제보하기홈페이지: https://news.sbs.co.kr/news모바일: 'SBS 뉴스' 앱 설치하고 제보카카오톡: 'sbs 뉴스'와 친구 맺고 채팅페이스북: 'sbs 뉴스' 검색해 메시지 전송이메일: sbs8news@sbs.co.kr 문자: #6000전화: 02-2113-6000▶SBS 뉴스 채널 구독하기 : https://n.sbs.co.kr/youtube ▶SBS 뉴스 라이브 : https://n.sbs.co.kr/live"
"nlcewKcE8fg","김평일과 김광섭은 왜 다시 북한으로 들어갔나? [김동연의 폴리세움]","2019-12-19T08:57:56.000Z","UCxuf3GXK290vcpFW0lxm0Uw","이봉규TV","24","19.20.12","이봉규|이봉규TV|김평일|김광섭|북한|김동연|폴리세움","121571","8146","704","106","https://i.ytimg.com/vi/nlcewKcE8fg/default.jpg","False","False","김평일과 김광섭은 왜 다시 북한으로 들어갔나? [김동연의 폴리세움]이봉규 TV 후원계좌신한은행 110-494-556972[페이스북]https://www.facebook.com/fridayhappy1[네이버 카페]http://cafe.naver.com/bongkyuleetv[네이버 블로그]https://blog.naver.com/2018bong'구독'과 '알림'을 통해 많은 관심 부탁드립니다.※ 본 영상의 모든 저작권은 ‘이봉규 TV’ 에 있습니다.　 무단으로 수정, 게시, 불펌을 금합니다."
"eAs1QKV7tcQ","억울했던 유재석.. 돌발 심경고백 후 실제 반응","2019-12-19T09:58:12.000Z","UCbp1HhKUDmeI6enMXUxtgrg","이진호 기자싱카","24","19.20.12","유재석|가로세로연구소|가세연|유재석 김건모|무한도전|유재석 무한도전|김건모 유재석|놀면 뭐하니|강용석|김용호|강용석 유재석|김용호 유재석|연예계|박명수|정준하|하하|양세형|조세호|황광희|정형돈|노혼철|길|전현무|유재석 심경|유산슬|유산슬 기자회견|유재석 기자회견|유재석 눈물","137841","1783","800","750","https://i.ytimg.com/vi/eAs1QKV7tcQ/default.jpg","False","False","#유재석 #가세연 #유산슬아 진짜... 이렇게까지 사람을 괴롭혀야 되나요. 언제 우리가 유재석을 언급했느냐 할게 뻔한데.. 진짜 해도 해도 너무하네요"
"FJnrlCr35Tw","연탄 필요하다길래... 너무 많이 사버렸는데 어떡하죠","2019-12-18T10:25:57.000Z","UCk6bX-MZXdte_7kG8TbMkqg","허팝Heopop","24","19.20.12","허팝|heopop|gjvkq|연탄|봉사|겨울|나눔|추위|한파|연탄 봉사|기부|돼지고기|허팝연구소","1054645","24397","674","3254","https://i.ytimg.com/vi/FJnrlCr35Tw/default.jpg","False","False","어릴 때, 연탄 쌓아두고 겨울마다 보냈던 기억이 있는데요. 연탄봉사를 해보니 생각보다 엄청 힘들고 뿌듯하네요! 올겨울 모두가 따뜻한 겨울 보낼 수 있길 바래요!#허팝 #연탄 #연탄봉사 #겨울[LIKE], [SUBSCRIBE] and [SHARE]!!!●Heopop channel : http://goo.gl/pAHo88●HeopopLife channel : https://goo.gl/wEKBJb●HoopopGames channel : http://goo.gl/upcwMZ●Heopop's Instagram : http://goo.gl/tDS7WY●Heopop's Facebook : http://goo.gl/vuVDQK"
"lghcF-oaTPo","[하이라이트] 사투리 대회 진정한 레전드 (남과 북의  대결) 진짜 안보면 후회함 ㅋㅋㅋㅋㅋㅋㅋㅋ ★임다★","2019-12-19T11:00:10.000Z","UCwZTeeKyb1hT6sg8tfOaZiA","임다TV","24","19.20.12","임다|아재개그|웃긴영상|레전드|웃겨라|아프리카tv|사투리대회|사투리모음|사투리연기|사투리비교|경상도사투리|전라도사투리|북한사투리","92771","2320","65","319","https://i.ytimg.com/vi/lghcF-oaTPo/default.jpg","False","False","[아프리카TV ★임다★]BJ★임다★를 아프리카TV 생방송 ▶ https://goo.gl/V99177BJ★임다★유튜브 구독 ▶ https://goo.gl/5MwW5BBJ★임다★의 페이스북 ▶ https://goo.gl/7N2mKv■ BGM정보by BGM팩토리 https://www.bgmfactory.com"
"w1_x6jlwuMI","두 남자에게 고백받고 널 선택한 이유 [라이크LIKE] EP. 23 썸에서 커플이 되는 조건 (ENG/JP)","2019-12-19T10:00:07.000Z","UCv0XxWH9xVxZ8pNyRkEQg8Q","딩고 스토리 / dingo story","24","19.20.12","웹드라마|딩고|웹드|라이크|김강민|유정우|Like|연애|짝사랑|이별|드라마|한국드라마|kdrama|webdrama|짝남|짝녀|썸|썸녀|썸남|여사친|남사친","158012","7084","304","1702","https://i.ytimg.com/vi/w1_x6jlwuMI/default.jpg","False","False","다른 사람 생각하지 말고“내가” 행복할 수 있는 선택을 한 소윤이너만 행복하다면, 너의 선택을 응원할게✨ 매주 월/ 목 저녁 7시! 구독 + 알림설정하고 본방사수 ㄱㄱ✨딩고 스토리 채널 구독하기 👉https://goo.gl/rpiiQH좋아요, 댓글, 라이크 해주세요⭐️💙 Instagram : http://bit.ly/dingo_story_insta💙 Facebook : http://bit.ly/snackvideo_fb💙 Naver TV : http://bit.ly/dingo_story_ntv💙 V Live : http://bit.ly/dingo_story_v"
"k_8oEyMf5cU","정경심 재판서 검찰·재판부 첨예한 신경전 / YTN","2019-12-19T14:47:21.000Z","UChlgI3UHCOnwUGzWzbJ3H5w","YTN NEWS","25","19.20.12","YTN|뉴스|사회","79581","1194","284","456","https://i.ytimg.com/vi/k_8oEyMf5cU/default.jpg","False","False","더 나은 뉴스 콘텐츠 제공을 위한 일환으로 영상 미리보기 이미지(썸네일) 개선을 위한 설문을 진행합니다.여러분의 소중한 의견을 들려주세요. 감사합니다.※ 썸네일 설문 참여하기https://feedback.ytn.co.kr/?v=201912192256126042■ 진행 : 이종구 앵커■ 출연 : 김성수 / 시사문화평론가, 김병민 / 경희대 객원교수* 아래 텍스트는 실제 방송 내용과 차이가 있을 수 있으니 보다 정확한 내용은 방송으로 확인하시기 바랍니다.[앵커] 조국 전 장관의 부인 정경심 동양대 교수의 재판에서 검찰과 재판부가 서로 고성을 주고받으며 충돌했습니다. 검찰의 공소장 변경 허가 신청을 법원이 받아들이지 않은 이후 양측의 갈등이 깊어지는 양상입니다. 나이트포커스 김성수 시사문화평론가, 김병민 경희대 객원교수와 함께합니다. 안녕하세요? 오늘 이례적으로 검찰하고 재판부가 고성을 주고받으며 감정싸움을 했다고 하는데 어떤 일이 벌어진 겁니까?[김성수] 일단 지난번 공판준비기일에 검찰에서 공소장을 같이 통합을 시켜달라. 그래서 전체 기소를 갖다 1차 처음에 냈던 공소장과 나중에 냈던 공소장을 함께 통합시켜달라고 했는데 그걸 재판부가 불허했죠. 그리고 나서 계속적으로 피고인 쪽에게 증거자료와 관련되어 있는 수사기록들을 보여주지 않고 있어요.그러다보니까 이렇게 되면 보석을 검토할 수도 있다, 이런 얘기를 했죠. 그러니까 이런 내용들이 사실상 굉장히 불공정하게 재판을 진행하고 있다라고 항의하는 그런 이유서를 제출을 한 겁니다, 검찰 측에서. 그리고 그것을 또 공판기일, 이번 재판이 열렸을 때 그걸 또 읽으려고 했는데 충분히 그 사항을 검토했고 우리들도 공정하게 진행이 되었는지를 다시 한 번 살펴보겠다라고 하면서 발언 기회를 주지 않았죠. 그렇게 되니까 거기에 대해서 계속 항의를 하면서 서로 고성이 오가게 된 그런 상황까지 치다른 것 같습니다.[앵커] 그러니까 그래픽을 보시면 진격의 검사들이라고 저희가 제목을 달았는데 말씀하신 것처럼 재판부가 공정하지 않다, 이유서, 진술 기회에 대해서 요구를 했는데 재판부가 기회를 안 주니까 검찰, 검사들이 반발한 건데 법원에서는 그 검사들에게 발언 기회를 안 줘도 괜찮은 상황인가 보죠? [김병민] 여기에 대해서 검사들이 충분하게 의견을 낼 수 있는 기회들을 줬었어야 되는 거 아니냐라는 의견들도 있습니다. 검사들이 이야기하고 싶었던 부분들은 두 가지인 것 같습니다. 지난번에 얘기했던 공판조서라고 하는 재판에 관한 기록들을 이야기하고 있는 공판조서가 있는데 여기에 두 가지 부분이 누락됐다는 겁니다. 첫 번째는 여기에 대해서 검찰이 이런 공소장 변경에 대해서 불허하게 되는 내용들에 대해서 검찰이 강력하게 항의하게 되는데 그런 내용들을 바로 이 공판조서에서 누락시켰다라는 게 첫 번째 주장이고. 두 번째는 법원에서 수사기록을 검찰이 제대로 보여주지 않게 되는, 복사하지 않게 됐을 경우는 정경심 교수 측의 보석을 고려할 수도 있다라는 이야기를 하게 되는데 이 또한 여기에 대한 공판조서에 들어가 있지 않다라는 게 검찰 측의 주장이거든요. 그런 의견서를 바탕으로 법원이 공정하지 못한 상태로써 재판을 진행하게 될 부분들을 우려하는 내용들을 아마 오늘 준비했던 것 같은데 그런 내용들이 묵살되다 보니까 검찰 측 입장에서는 조금 더 강력한 항의 차원에서 이런 얘기들이 재판 과정에서 오갔던 것이 아닌가 생각이 됩니다.[앵커] 그래서 검찰이 정경심 교수의 표창장 위조 사건과 관련해서 기소를 두 번 하는 거 아니겠습니까? 그걸 왜 굳이 두 번 해야 되느냐, 이런 의문들이 나오고 있어요.[김성수] 의문 정도가 아니라 굉장히 전대미문의 사건이죠. 분명히 9월 6일날 기소를 한, 그 공소장의 내용의 혐의와 그다음에 11월 11일날 기소한 혐의가 사실은 ... (중략)▶ 기사 원문 : https://www.ytn.co.kr/_ln/0103_201912192256126042▶ 제보 안내 : http://goo.gl/gEvsAL, 모바일앱, social@ytn.co.kr, #2424▣ YTN 유튜브 채널 구독 : http://goo.gl/Ytb5SZⓒ YTN & YTN PLUS 무단 전재 및 재배포금지"
"vvugjH4kOGs","HD역사스페셜 - 고구려 수당전쟁 2편 당태종, 안시성에서 무릎 꿇다","2019-12-18T08:00:13.000Z","UCjPqSbyqm5IZEoXu7I-KPag","KBS 역사저널 그날","27","19.20.12","역사|역사스페셜|고구려|수나라|당나라|전쟁|강소성|몽롱탑|당태종|이세민|연개소문|당고조|장안|고건무|영류왕|삼국사기|직방낭중|진대덕|토욕혼 정벌|서해도행군대총관|이정|고창국 정벌|천리장성|삼국유사|막리지|보장왕|정원숙|이세적|요동|요수|고이산|신성|요하|요택|장군예 처형|마수산|요동성|포차|백암성|손대음|비사성|개모성|안시성|영성자산성|양만춘|고연수|고혜진|말갈족|구원군|주필산전투|성경통지|우즈베키스탄|사마르칸트|아프라시압궁전|벽화|아흐르만왕|설연타|건안성|판축기법|토산|부복애|자치통감|방현령|평양","197290","1664","148","226","https://i.ytimg.com/vi/vvugjH4kOGs/default.jpg","False","False","- 전쟁영웅 당태종이 후회한 단 하나의 전투, 고구려전! 수나라 패전의 쓰라림을 알고 있던 당태종이 신하들의 반대를 물리치고 감행한 고구려원정! 강제징집된 군사가 아닌 자발적 전쟁참가로 구성한 사기충전한 군대! 대전략가 이정의 전술 지휘!당차, 포석차등의 파괴적인 무기 동원!  과연 당태종은 고구려를 멸망시킬것인가? 그러나 이번에도 고구려원정은 실패로 돌아간다. 또한 단순히 패배한 것이 아니라 도하장비도 이미 불 태워버린 상태에서 굳이 늪지대인 요택을 건너 회군하다 수많은 병사들이 젖어서 죽게 된다. 당태종은 “위징(직언과 극간을 서슴지 않았던 시중)이 만일 있었다면 나로 하여금 이 원정을 하게 하지 않았을 것이다”며 후회했다고 한다.그가 군을 돌려 유성에 도착해서 전사자의 해골을 모아 단을 만들고 제사를 지내는데 태종이 가슴 아프게 울자 병사들이 눈물을 줄줄 흘리지 않는 자가 없었다는 기록도 있는데...  - 주필산전투의 미스터리, 고구려는 참패했나?당태종의 원정군은 건안성, 개모성, 비사성, 요동성등을 연이어 함락시키며 고구려를 압박해온다. 이제 안시성이 함락되면 당군은 곧바로 평양으로 진격할 상황! 안시성을 지키기 위한 고구려의 운명을 건 전투가 주필산 앞에서 벌어지는데...중국사서는 이 주필산전투에서 안시성을 구하러 온 고구려 구원군 15만 명이 당나라군에 참패를 당한 것으로 기록하고 있다. 그러나 당나라 말기의 유속의 [수당가화]라는 글에는 다른 정황이 기록돼있다. “주필산전투에서 고구려와 말갈을 합친 군대가 4방 10리에 뻗쳐 있었다. 태종이 이를 바라보고 두려워하는 기색이 있었다.”“주필산전투에서 고구려군이 당의 6군에게 거의 승리를 거두려하자 태종이 이세적의 깃발, 흑기를 살펴보라고 명했다. 척후가 고하기를 흑기가 포위되었다고 하니 당태종은 크게 두려워하였다.”  - 당태종의 패배를 감추려는 역사조작의 가능성은 없는가?[자치통감]은 당태종의 고구려원정으로 ‘군마는 열에 일곱, 여덟이 죽고 원정군은 병사는 2,000명이 죽었다’다고 기록하고 있다. 4만의 고구려인이 목숨을 잃고 당나라군의 군마가 열에 일곱, 여덟이 죽었다면 엄청난 유혈접전이었을 것이다.그런데 어떻게 당나라 군사가 겨우 2,000명만 죽었을 수가 있을까?오류가 없기로 소문난 ‘자치통감’조차 당의 참패를  제대로 기록하지 않고 있다.    - 평양성 함락의 위급상황! 연개소문은 중국본토에서 무엇을 했을까?  안시성 앞에 당나라 대군이 모여들고 안시성을 구원하러 온 고구려 구원군 15만 명은 주필산전투에서 대패했다. 이제 안시성이 함락되면 당나라는 건안성을 치고 일시에 평양으로 나아가게 된다. 이렇게 위급한 상황에 연개소문은 도대체 어디서 무엇을 하고 있었던 것일까?[신당서]에는 당시 연개소문이 심양에서 전쟁을 지휘하고 있었음을 밝혀주는 기록이 있다. 그리고 멀리 고비사막에 사신을 보내어 이 전쟁을 국제전으로 확대시키는데...HD역사스페셜 22회 – 세계전쟁사의 수수께끼, 고구려 수당전쟁 2편당태종, 안시성에서 무릎 꿇다 (2005.10.7.방송)http://history.kbs.co.kr/"
"PSS8C4i16X4","들키고 싶지 않은 취미를 들켜버렸다 ㅋㅋㅋㅋㅋ ㅣ흑역사썰","2019-12-18T09:45:02.000Z","UCHj3qb7u4WUfUrjlOJtPdKA","호돌이 영상툰","1","19.20.12","호돌이영상툰|흑역사썰","115241","2576","56","170","https://i.ytimg.com/vi/PSS8C4i16X4/default.jpg","False","False","───────▼─호돌이 영상툰─▼─────호돌이 영상툰에 오신걸 환영합니다! ^_^사연을 영상툰으로 만듭니다.구독 & 좋아요 알람설정 부탁드립니다!─────────────────────────────────────────▲ 호돌이 영상툰 구독하기 → https://bit.ly/2ATbQ8B▲ 영상 제보하는법 → 카카오톡 플러스친구 호돌이 영상툰 검색 후에 친구추가 해서 사연보내주세요!▲ 배경음악: Track : 강아지같아Music by 브금대통령 Music provided by 브금대통령Watch : https://youtu.be/tPxR7npln9w본 영상의 모든 저작권은 호돌이 영상툰에게 있습니다.협의되지 않은 무단 재업로드 혹은 저작권 위반 사항은 법적 책임을 지실 수 있습니다.이야기의 출처는 제보 or 인터넷 유명 이야기들입니다#흑역사썰─────────────────────────────────────────광고, 협찬 및 모든 문의는 hodoli0high@gmail.com으로 보내주세요!  감사합니다!"
"FVEA3sW-y-8","에이.. 설마..","2019-12-19T11:18:33.000Z","UCWZrtSsyPCEaMH4uSwdGrtw","성제준TV","22","19.20.12","성제준","131361","9746","1568","1054","https://i.ytimg.com/vi/FVEA3sW-y-8/default.jpg","False","False","메일 : jaejunsung@naver.com"
"7ggAGmuCtws","남친에게 무시당하던 여성에게 정해인이 다가오면 벌어지는 일","2019-12-17T10:00:00.000Z","UCpcft4FJXgUjnxWoQYsl7Ug","고몽","1","19.20.12","고몽|소개|드라마|봄밤|정해인|한지민|영화|예고편|리뷰","1225580","12383","271","1288","https://i.ytimg.com/vi/7ggAGmuCtws/default.jpg","False","False","#봄밤 #mbc드라마넷"
"IG4FEHjsc4Y","유로 2020 우승후보 TOP 10","2019-12-19T07:30:00.000Z","UCudWn3bvgyuEw-rTD7zJZOg","No.1 스포츠채널 불양TV","17","19.20.12","생방송|야구|축구|분데스리가|프리메라리가|피파|리그앙|불양|아프리카bj|대박|추천|리뷰|후기|체험|game|게임|최신|신작|공포|예능|남캠|요리|한국|NEW|Korea|스팀|콘솔|PS4|pc|computer|먹방|BJ|재밌는|온라인|이대호|메이저리그|김현수|박병호|오승환|MLB|추신수|류현진|프로야구|epl|프리미어리그|손흥민|footBALL|세리에","172392","2021","74","532","https://i.ytimg.com/vi/IG4FEHjsc4Y/default.jpg","False","False","★☆구독과 좋아요는 큰힘이 됩니다~!☆★이메일:Philfritz@naver.com"
"FGvD1Vi0WDw","Sampdoria 1-2 Juventus | Ronaldo Header Wins It for the Visitors | Serie A","2019-12-18T21:00:05.000Z","UCBJeMCIeLQos7wacox4hmLQ","Serie A","17","19.20.12","Ronaldo header|cristiano header|ronaldo jump|ronaldo head|Ronaldo|Serie A|Higuain|Dybala|highlights|Insigne|Juventus|AC Milan|Inter Milan|Napoli|Roma|CR7|Cristiano Ronaldo|goals|full highlights|watch|stream|partita|migliori gol|migliori in campo|migliori al mondo|gol del mese|federcalcio|calcio|Italia|lukaku|de ligt|balotelli|sp:ty=high|sp:dt=2019-12-18T16:55:00Z|sp:st=soccer|sp:li=seri|sp:ti:home=SMP|sp:ti:away=JUV|sp:vl=en","8589702","120783","4064","6844","https://i.ytimg.com/vi/FGvD1Vi0WDw/default.jpg","False","False","Cristiano Ronaldo scored a brilliant header as Juventus overcame Sampdoria to go top of the Serie A table | Serie AThis is the official channel for the Serie A, providing all the latest highlights, interviews, news and features to keep you up to date with all things Italian football.Subscribe to the channel here! https://bit.ly/2OM2Eax Find out more about the Serie A at: http://www.legaseriea.it/en/ Questo è il canale ufficiale della Serie A, dove potrai avere accesso ai momenti salienti, alle interviste, alle notizie e alle funzionalità del momento per rimanere aggiornato sulle ultime novità del campionato.Iscriviti qui al canale! https://bit.ly/2OM2EaxPer maggiori infomazioni sulla Serie A: http://www.legaseriea.it/it"
"sFrjV1d6B1c","일본 재무성의 충격적 발표에 한국 불매운동 대반전이 일어난 현상황, 일본, 엄청난 돈 투입했다가 제2의 맥주사태까지 일어난듯","2019-12-19T09:00:10.000Z","UCVObSp4MlJwCsh6vtKz4PHQ","쓸모왕","25","19.20.12","일본|한국|대한민국|현대자동차|렉서스|일본 자동차|일본차|수출|일본 불매운동|토요타","317263","7079","147","985","https://i.ytimg.com/vi/sFrjV1d6B1c/default.jpg","False","False","일부 언론이 ‘일본차 불매운동’이 식었다는 보도는 사실이 아니었습니다.세상의 쓸모있는 지식을 전달해드리는 '쓸모왕'입니다.  영상이 도움이 되셨다면, '좋아요'와 '구독'을 부탁드립니다.  '알람'설정도 해놓으시면 제일빨리 쓸모왕 지식을 받아보실수 있습니다^^*연합뉴스 컨텐츠 관련 부분인용 및 전체인용에 대한 허가를 받았습니다.저작권자(C)연합뉴스, 쓸모왕#일본 #한국 #일본자동차"
"AaBKJpUH4Rc","이거 썸이다 vs 엥? 완전 아니다 [크리스마스가 싫은 네 가지 이유] - EP.03","2019-12-18T10:00:02.000Z","UCid83oPnsL-4ZEo8CyQr6Rg","플레이리스트","24","19.20.12","연플리|연애|드라마|웹드라마|연애플레이리스트|플레이리스트|플레이리스트스튜디오|크리스마스가 싫은 네 가지 이유|크리스마스가싫은네가지이유|크네유|크리스마스|연플리 시즌4|인서울|리필|다시만난너|다시 만난 너|나의 이름에게|나이름|나의이름에게|최고의 엔딩|에이틴2|한입만|열일곱|정건주","487803","8051","94","640","https://i.ytimg.com/vi/AaBKJpUH4Rc/default.jpg","False","False","이거 썸이다 vs 엥? 완전 아니다쟤네 나만 간지럽냐;💕 대리설렘 오지고요ㅠ7:26 여기 너무 좋아서 소리지르다 득음함🔊🔊;이거 썸이다 vs 엥? 완전 아니다 [크리스마스가 싫은 네 가지 이유] - EP.03🎅올 크리스마스엔 케빈 대신 크네유🎅매주 수, 토 저녁 7시에 업로드됩니다!플레이리스트 채널 구독은 여기로 👉 https://goo.gl/df5FYf댓글👩‍💻 좋아요💝 알람🔔도 잊지 말기🙌❤️Instagram: https://www.instagram.com/playlist_studio❤️Facebook: http://www.facebook.com/PlayListKR❤️V Live : http://channels.vlive.tv/DEF407/video❤️Naver TV: http://tv.naver.com/playlist❤️Store: https://playliststore.com#크리스마스가싫은네가지이유 #크네유 #크리스마스엔크네유"
"f0FHkLf_pVQ","[법륜스님의 즉문즉설 제 1558회] 갑질을 대하는 자세","2019-12-18T20:00:03.000Z","UCSsWdUwr4UonSCAVH-k0_Lg","법륜스님의 즉문즉설","29","19.20.12","불교|즉문즉설|법륜스님|정토회|buddha|buddhism|pomnyun|스님의주례사|엄마수업|깨달음|기도|수행|답답하면물어라|법륜|스님|새로운100년|Buddhahood|Gautama|Buddha|갑질|화|직장|공공기관|봉사|의무|정당함|권리|계산|갑질대응","124043","2564","119","164","https://i.ytimg.com/vi/f0FHkLf_pVQ/default.jpg","False","False","1. 농촌과 관련된 그런 공공기관에서 근무를 하고 있는데요계약직 직원들을 존중하지 않는 그런 느낌을 많이 받습니다국민을 위한 봉사자라고 되어 있는데 왜 그런 마음을 갖지 않는지2.  제가 같이 일을 하면서 같이 일을 할 때 저는 그 사람 일을 도와주는데 그 사람은 저의 일을 도와주지 않을 때화가 안 났으면 좋겠는데 화가 납니다"
"cads1y_X58c","축구선수 개인기가 너무 뛰어날때 생기는 일 ㅋㅋㅋㅋㅋ","2019-12-16T11:58:38.000Z","UC4E2H4oEIbwRRWvIcOJQtBg","ArtSoccer","22","19.20.12","메시|네이마르|호날두|아자르|호나우지뉴|포그바|지단|호나우두|마라도나|마샬|축구 개인기|축구 스페셜|개인기 스페셜","2562701","13163","886","1855","https://i.ytimg.com/vi/cads1y_X58c/default.jpg","False","False","축구선수 개인기가 너무 뛰어날때 생기는 일 ㅋㅋㅋㅋㅋ아마 실제 경기에서 좀처럼 보기 어려운 개인기들일거에요 ㅎㅎㅎ 즐감요!---------------------------------------------------BGM : 50 Cent - My pain"
"KJYbRky7E1w","경찰관님한테 낚였어요!!😭 외국인 친구 핸드폰 뺏고 산에 버리고 가면 생기는 일…?!","2019-12-18T11:30:01.000Z","UCg-p3lQIqmhh7gHpyaOmOiQ","영국남자 Korean Englishman","23","19.20.12","Korean|영국남자|영국|조쉬|올리|Josh|Ollie|KoreanEnglish|English|Man|englishman|food|음식|외국인|반응|영상|웃긴|남자|외국|도전|매운|조니|조엘|댄|단|신부님|크리스|올리아빠|해물|치킨|삼겹살|korean|BBQ|fried|chicken|라면|불닭볶음면|미친남자","697993","35580","298","2851","https://i.ytimg.com/vi/KJYbRky7E1w/default.jpg","False","False","오늘은 저희가 드디어 올리를 혼자 낙오시켰어요. 산에서요. 올리가 처음 가보는 도시였죠. 그리고 어떤 일이 일어났는지 상상도 못하실거예요...Today we finally leave Ollie alone. On a Mountain. Outside a city he’s never been to. You will not believe what happens next...Huge thanks to everyone involved in the creation of this video:Written and Directed by Josh and OllieProducer/Editor: Grace ParkProducer/Editor/Translator: Hyemin LimCamera: Ducky ChangEditor: Sejun LeeTranslator: Hannah Kang"
"-rxfrV4NBRQ","[동아시안컵 남자] 대한민국 vs 일본 H/L","2019-12-18T13:55:06.000Z","UCtm_QoN2SIxwCE-59shX7Qg","SPOTV","17","19.20.12","SPOTV|스포티비|동아시안컵|대한민국|일본|황인범|김민재|나상호|이정협|김인성|김승규|김영권|벤투|3연속 우승|EAFF E-1 챔피언십|남자축구|부산아시아드주경기장","1184897","8017","419","3592","https://i.ytimg.com/vi/-rxfrV4NBRQ/default.jpg","False","False","대한민국 vs 일본 경기 하이라이트 (남자 대표팀)"
"3YRmRfDIGGA","[다시보기] 비건, 대북 공조 요청…“발표할 만남 없다” - 2019년 12월 20일(금) KBS 뉴스광장","2019-12-19T23:35:05.000Z","UCcQTRi69dsVYHN3exePtZ1A","KBS News","25","19.20.12","KBS|kbs|뉴스|뉴스광장|풀영상|다시보기|비건|대북|트럼프|트럼프탄핵|40대고용|임종석|임동호|한파|날씨","26183","149","69","8","https://i.ytimg.com/vi/3YRmRfDIGGA/default.jpg","False","False","[2019년 12월 20일(금) 주요뉴스]·비건, 대북 공조 요청…“발표할 만남 없다”·“영변 폐기 등 협상해야…‘화염과 분노’ 안돼”·“100조 투자 달성 가능…40대 고용 챙긴다”·“수첩에 ‘임동호 자리 요구’ 적혀”…“임종석이 제안”·출근길 한파…경기 남부·충청 등 눈·비▣ KBS 24시뉴스의 원활한 서비스를 위해 매일 오전 6시와 오후 9시에 스트리밍 서비스를 재부팅합니다. 해당 시간대에 24시 뉴스를 시청하시는 분들은 라이브 플레이어창에 종료 안내문이 뜨는 경우,  24시뉴스 LIVE 창을 다시 실행해 이용해 주세요. ▣KBS1, KBS2TV에서 선별된 뉴스, 시사, 다큐멘터리 프로그램들을 365일 24시간 실시간으로 전해드립니다. ▣ 실시간 편성정보(Schedule) : https://goo.gl/DRTpbv▣ KBS 뉴스 보기 ◇ PC : http://news.kbs.co.kr ◇ 모바일 : http://mn.kbs.co.kr▣ 제보안내 ◇ 카카오톡에서 'KBS뉴스' 검색 ◇ 전화: 02-781-1234 ◇ 홈페이지: https://goo.gl/4bWbkG ◇ 이메일: kbs1234@kbs.co.kr▣ KBS뉴스 유튜브 구독하기 : https://goo.gl/qCWZjZ▣ KBS뉴스 유튜브 커뮤니티 : https://goo.gl/6yko39"
"cy4j3bj47-Y","“조국 수사 안 끝났다”는 윤석열","2019-12-18T10:52:36.000Z","UCIIpmDPVk7nzNHEUSHmvkUg","채널A 뉴스TOP10","25","19.20.12","수사|윤석열|조국","261513","8297","1356","1231","https://i.ytimg.com/vi/cy4j3bj47-Y/default.jpg","False","False","윤석열, 검사들에게 문제 있으면 원칙대로 수사윤석열의 '법과 원칙'…문제 있으면 원칙대로윤석열, 지난달 '조국 수사' 마무리 지으려 했다?※자세한 내용은 뉴스TOP10에서 확인하실 수 있습니다.  ▷ 공식 홈페이지 http://www.ichannela.com▷ 공식 페이스북 https://www.facebook.com/channelanews▷ 공식 유튜브 https://www.youtube.com/tvchanews"
"Kec965wIIDE","[TV조선 LIVE] 12월 19일 (목) 보도본부 핫라인 - 靑이 높은 자리 제안했다?","2019-12-19T07:01:32.000Z","UCWlV3Lz_55UaX4JsMj-z__Q","뉴스TVCHOSUN","25","19.20.12","TV조선|티비조선|조선일보|종편|종합편성|TV조선뉴스|뉴스|뉴스프로그램|NEWS|채널19|CH19|뉴스9|뉴스7|포커스|신동욱|윤우리","79331","2932","352","269","https://i.ytimg.com/vi/Kec965wIIDE/default.jpg","False","False","[TV조선 LIVE] 12월 19일 (목) '보도본부 핫라인'● 靑이 높은 자리 제안했다?● 'VIP가 출마 요청' 메모도● 정권에 부메랑 된 '직권남용죄'● 문다혜, 국내서 일자리 찾는 중?● 김의겸 동생도 '판박이' 투자📡 월~금 07:30 뉴스퍼레이드📡 월        08:40 네트워크 매거진📡 월~금 09:00 신통방통📡 월~금 13:00 보도본부 핫라인📡 월~금 14:30 사건파일 24📡 월~금 17:30 시사쇼 이것이 정치다📡 월~금 21:00 뉴스9📡 토~일 14:00 뉴스현장📡 토~일 19:00 뉴스7[Ch.19]  사실을 보고 진실을 말합니다.👍🏻 공식 홈페이지 http://news.tvchosun.com/👍🏻 공식  페이스북 https://www.facebook.com/tvchosunnews/👍🏻 공식 트위터 https://twitter.com/TVChosunNews* 뉴스제보 : 이메일(tvchosun@chosun.com), 카카오톡(tv조선제보), 전화(1661-0190)"
"NM3UBe6H858","시사타파tv [심층분석]-정경심 교수 4차 공판분석 고양이뉴스 원재윤pd/민주당 공수처법안부터 처리하자","2019-12-19T17:23:59.000Z","UCzQJmmpZjqzJe96CwlrwlHQ","시사타파TV","25","19.20.12","[none]","106379","13810","119","179","https://i.ytimg.com/vi/NM3UBe6H858/default.jpg","False","False","시사타파tv 자발적 구독료: 251001-00-002087 국민은행 예금주 시사타파tv 해외:paypal:ljw777666@gmail.com 문의:010-2797-7660"
"Wc1fUL9Ys6Y","24시간 동안 한가지 색깔 음식 먹기 || 마지막까지 먹는 사람이 승자! 123고! 챌린지의 미션","2019-12-18T00:00:06.000Z","UCe1Tc1UnOT_G_e85El86cZA","123 GO! Challenge Korean","24","19.20.12","123 go 챌린지|123go 챌린지|챌린지|도전|123 go|123go|123go challenge korean|challenge","85186","713","118","91","https://i.ytimg.com/vi/Wc1fUL9Ys6Y/default.jpg","False","False","입맛이 까다로우신가요?만약 여러분이 초록색이나, 주황색 같은 특정 색깔의 음식만을 먹는다면 어떻게 될까요?뭐, 더 이상 궁금해하실 필요가 없어요.곧 같은 색의 음식만을 먹는다는 게 어떤 의미인지 곧 알게 될 거니까요! 오늘 영상에서는 상상 그 이상일거예요! 맛 볼 준비 하세요! 오늘은 한 가지 색깔의 음식을 24시간 동안 도전할거니까요! 친구들에게 이 동영상을 공유하고, 친구들과도 똑같이 도전해보세요! 그리고 이런 멋진 영상들을 더 보고 싶으시다면123고 챌린지! 채널을 구독해 주세요! #123고 #1가지색의음식 #24시간 #DIY우리 체널을 구독하세요~~~123Go! Challenge: http://bit.ly/2VHJyqs밝은면 Bright Side Korea: https://bit.ly/2DcGBWb끄적끄적: https://bit.ly/2vt015H5분 Tricks: https://goo.gl/6eHzqB5MC 여성편: https://goo.gl/cREy5K5MC 어린이편: https://goo.gl/LLDVtq7초 수수께끼: https://goo.gl/8uVu6B속닥속닥: https://goo.gl/TzqL93음악 에피데믹 사운드 / Epidemic Sound  https://www.epidemicsound.com/사진, 영상 및 기타:https://www.depositphotos.comhttps://www.shutterstock.comhttps://www.eastnews.ru"
"GKgw_w--6No","영화 '백두산'이 현실이 되면 렌즈 착용이 위험? / 스브스뉴스","2019-12-18T10:00:03.000Z","UCQabORQKQRHP-iUqe-xIFvg","스브스뉴스 SUBUSU NEWS","25","19.20.12","스브스뉴스|백두산|영화백두산|영화백두산후기|백두산후기|백두산해석|백두산줄거리|영화|영화해석|백두산스포|스포없음|영화백두산해석|수지백두산|하정우백두산|화산|화산대피요령|백두산폭발|화산징후|백두산천지|천지지진|지진|화산시뮬레이션|화산가능성|폼페이|폼페이화산|화산폭발|휴화산|활화산|화산재|화산재대피|화산폭발시나리오|마그마|용암|백두산온천|핵실험|북한|뉴질랜드화산|호주화산|화산실험|화산대응매뉴얼|재난매뉴얼","617516","6526","226","2150","https://i.ytimg.com/vi/GKgw_w--6No/default.jpg","False","False","백두산 폭발을 다룬 재난 영화 ‘백두산’이 내일(19일) 개봉 예정입니다.폭발의 여파로 서울이 아비규환이 되는 모습이 영화에 나오는데, 그저 상상 속 이야기가 아니라 현실이 될 수 있습니다.2015년 5월 21일 국민안전처에서 발표한 연구자료에 따르면 백두산 폭발이 '최악의 시나리오'대로 발생하면 화산재의 영향을 받아 한국에만 11조 원 이상의 피해가 생길 수 있다고 합니다.가능성은 희박하지만 이런 최악의 재난이 발생한다면 우린 어떻게 대처해야 할까요?책임 프로듀서 하현종/ 프로듀서 조기호/ 구성 권재경/ 편집 정혜수/ 내레이션 박은영 인턴/ 도움 김지영 인턴, 박은영 인턴✔ 뉴스에는 위아래가 없다, 스브스뉴스- 스브스뉴스 링크 -Facebook : https://www.facebook.com/subusunewsInstagram :  https://www.instagram.com/subusunews/홈페이지 : http://news.sbs.co.kr/news/subusuNews.do?plink=GNB&cooper=SBSNEWS"
"PrBupTUlGz4","【침펄풍】 이제는 너무 뻔한 클리셰 월드컵","2019-12-18T10:00:07.000Z","UCUj6rrhMTR9pipbAWBAMvUQ","침착맨","24","19.20.12","침착맨|이말년|침투부","156471","1681","41","354","https://i.ytimg.com/vi/PrBupTUlGz4/default.jpg","False","False","▶침착맨의 【이상형 월드컵】 모음: https://www.youtube.com/playlist?list=PLif_jr7pPZAAGRKOHgas0qm05Ha_wMUmN&disable_polymer=true▶침투부 영상에 자막 달기 (감사합니다) : https://bit.ly/2OJDF8O▶침투부 인기동영상 :  http://goo.gl/i7Uqj1▶침착맨 트위치 실시간방송 :  http://www.twitch.tv/zilioner▶편집자: 김태완 (2호 침투부수호자)▶2019년 12월 16일 방송분"
"N_M4EWFae7U","보겸TV소유권이 넘어가기직전입니다 먼저특허청에등록당하면 뺏기는줄몰랐습니다...","2019-12-18T10:40:49.000Z","UCu9BCtGIEr73LXZsKmoujKw","보겸 TV","24","19.20.12","보겸|bokyem|저작권|키프리스|로고|상표권|고소","1572592","23244","502","5299","https://i.ytimg.com/vi/N_M4EWFae7U/default.jpg","False","False","보겸TV 유튜브 구독하기 :: https://goo.gl/08r0gG보겸TV의 달달한 영상을 바로바로 시청하시려면 구독은 필수!보겸의 배틀그라운드 영상 모음 :: https://goo.gl/HE4cFd보겸의 오버워치 영상 모음 :: https://goo.gl/tSbgv0보겸의 롤 하이라이트 모음 :: http://goo.gl/It3CHa보겸의 보슐랭가이드/먹방 모음 :: https://goo.gl/em8WLQ보겸의 착불택배 개봉기 모음 :: https://goo.gl/o5nTzd보겸의 원피스 대백과사전 모음 ::  http://goo.gl/Psk9Uq보겸의 클래시로얄 모음 :: https://goo.gl/7wFF3D보겸이 아프리카TV 방송국 :: http://afreeca.com/bokyem123보겸이 인스타그램 :: https://www.instagram.com/great_bk보겸이 페이스북  :: https://www.facebook.com/gbk123456다양한 콘텐츠로 여러분을 찾아 뵙겠습니다!광고&섭외 문의는 bokyem123@naver.com로 문의주세요."
"BIGKK15AboQ","굴로 할 수 있는 7가지 요리","2019-12-18T11:45:06.000Z","UCIUfR-2qcpWqgAIfZJXOLWA","수빙수tv sooBingsoo","22","19.20.12","굴|굴손질|굴요리|석화|각굴|석화구이|석화찜|oyster","415528","11014","235","1772","https://i.ytimg.com/vi/BIGKK15AboQ/default.jpg","False","False","안녕하세요! 수빙수tv의 수빙수입니다!혀러분! 전 겨울에 꼭 이거슬 챙겨먹습니다!!몸도 좋고 맛도 좋고 머니머니해도 오동토~ㅇ하니 술안주로 제격인 코거슨 파러어 ?!?!? 굴입니다!!!!!!!!! 껍데기가 그대로 있는 석화로 구매처 : 노량진 수산시장에서 한 망에 10kg 14,000원 주고샀습니다!근데 빙구님들은... 깐굴 사드세요 ... ㅠ ㅠ 하.. 석화 닦는라 엉치가 너무 아파여 .... ㅠ ㅠ 뮤팟참조글 You’re free to use this song in any of your videos, but you must include the following in your video description (Copy & Paste):THE HAPPY SONG by Nicolai Heidlas Music https://soundcloud.com/nicolai-heidlasCreative Commons - Attribution 3.0 Unported- CC BY 3.0 http://creativecommons.org/licenses/b...THE HAPPY SONG by Nicolai Heidlas Music https://soundcloud.com/nicolai-heidlasCreative Commons - Attribution 3.0 Unported- CC BY 3.0 http://creativecommons.org/licenses/b...Music promoted by Audio Library https://youtu.be/cGuaRsXLScQDistributor: 저작권 걱정없는 유튜브용 음원 & 무료 효과음 서비스 ‘뮤팟’https://www.mewpot.com"
"H4fDkD3koyc","[상상극장] 자꾸만 내 통장에 수상한 돈이 들어온다 ㄷㄷ개이득인 부분?!｜빨간토마토","2019-12-18T07:00:26.000Z","UCqeOY0kedIjM9cfuBes4BSQ","Red Tomato","1","19.20.12","빨간토마토|애니메이션|만화|토마토|빨토|상상극장|선택극장|영상툰|꿀잼","107875","2071","66","235","https://i.ytimg.com/vi/H4fDkD3koyc/default.jpg","False","False","이 콘텐츠는 서울시의 지원을 받아 제작되었습니다.✅서울시채널: https://www.youtube.com/user/seoullive?sub_confirmation=1✅서울청년포털: https://youth.seoul.go.kr/#행운 #로또 #개이득"
"wuSwEWGnpR0","[티비냥] 20살 오나미 vs 50살 김희애, 누구랑 결혼하시겠습니까? 이상준 첫날밤 묘사에 방청객 경악 ㅋㅋㅋ | #코미디빅리그 140601 #04","2019-12-18T03:00:14.000Z","UCRMA_Nb5VF-YoWApSVeXPVA","tvN D CLASSIC","24","19.20.12","tvN|tvN D|tvN D CLASSIC|tvN D ENT|코미디빅리그|코빅|comedy big league|comedy show|이진호|양세형|최성민|문세윤|오인택|박나래|이국주|코미디빅리그 다시보기|예능웃긴모음|웃긴예능모음|코미디빅리그 레전드|이용진|코빅레전드|개그콘서트|코빅다시보기|gag|개그|장도연|양세찬|황제성|코미디|웃음|김용명|이상준|ㅋㅋㅋㅋㅋ|정주리|이세영|안영미|미키광수|정만호|문규박|조세호|사망토론|코빅 사망토론|사망토론 이상준|사망토론 레전드|사망토론 몰아보기|사망토론 다시보기|사망토론 모음|코미디빅리그 사망토론|사망토론 재생목록|이상준 코빅|예재형|김기욱|사망토론 옥동자|사망토론 방청객|사망토론 관객|이상준 방청객|이상준 관객|사망토론 오나미|디글|Diggle|:Diggle|사망토론 김희애","149070","824","254","490","https://i.ytimg.com/vi/wuSwEWGnpR0/default.jpg","False","False","#티비냥 #코미디빅리그 #사망토론구작이 명작인 tvN 맛집의 콘텐츠를 마음껏 볼 수 있는 tvN D CLASSIC : https://bit.ly/2PoHd0BtvN [코미디빅리그] : 대한민국 웃음의 대세 '코미디빅리그'. 대세 '코미디언'들의 웃음 사냥을 위한 치열한 코너 경쟁은 계속된다!공식 홈페이지 : http://program.tving.com/tvn/cobig"
"WlonuqGuwXk","운동해서 추위 절대 안탄다는형 얼어죽을때까지 괴롭히기ㅋㅋㅋㅋㅋㅋ","2019-12-17T10:15:14.000Z","UCyCL5k8P1iUOc1EymhhMW1A","더블비","23","19.20.12","보물섬|웃긴영상|재밌는영상|조제알통|얼음침대|추위안타는형|엘사|울산엘사|울산북극곰|빙하|얼음|드라이아이스","1031709","16431","748","2242","https://i.ytimg.com/vi/WlonuqGuwXk/default.jpg","False","False","알통이형 벗은거 봤는데 실망이야....이제 애기알통으로 이름 바꾸자...#English #Facebook #Youtube광고,협찬 문의    mingyu3@naver.com 인스타그램    장명준   https://www.instagram.com/mang_jun_/?...                        박민규   https://www.instagram.com/mingggkiiii...더블비 페이스북 https://www.facebook.com/officialdoub..."
"6Nm9GOAmZgk","ROSÉ - 'THE CHRISTMAS SONG (Nat King Cole)' COVER","2019-12-18T09:00:01.000Z","UCOmHUn--16B90oW2L6FRR3A","BLACKPINK","10","19.20.12","YG Entertainment|YG|와이지|K-pop|BLACKPINK|블랙핑크|블핑|로제|Rosé|BLINK|블링크|Christmas|크리스마스|Cover Song|CHRISTMAS SONG|CHRISTMAS COVER SONG|Nat King Cole","3941270","656473","8944","50614","https://i.ytimg.com/vi/6Nm9GOAmZgk/default.jpg","False","False","Title: 'The Christmas Song'Cover by ROSÉOriginal Song by Nat King Cole#BLACKPINK #블랙핑크 #ROSÉ #로제 #THE_CHRISTMAS_SONG #COVER #커버 #ORIGINAL_SOUNDTRACK_BY #NATKINGCOLE #YOUTUBE #YG"
"GwmHLxFyEbc","김건모 가세연 폭로 인터뷰녀 지인이 전화왔습니다!! 폭로녀가 거짓말하고 있는거 같은데요?, 매너있고 팁도 평소에 잘 줬다","2019-12-17T10:00:00.000Z","UCVWN__TENeCRT8P6B6SwNog","정배우 : 사건사고이슈","24","19.20.12","[none]","391662","2302","1351","1468","https://i.ytimg.com/vi/GwmHLxFyEbc/default.jpg","False","False","김건모씨에게 피해받은 분들이 있다면 메일주시면 감사합니다본 영상은 시청자 토론 중 수신한 해당 여성분의 일방적인 주장 및 의견일 뿐정확한 사실관계에 기반한 내용을 담은 것은 아님을 고지합니다"
"YDctkkjtJrg","[VIP] Ep.15 예고 제발 이혼해 주시면 안 돼요? 어차피 두 분 끝났잖아요 / 'VIP' Preview | SBS NOW","2019-12-18T00:18:26.000Z","UCcOYEm78CpaZQvPE6LtoSeA","SBS NOW","24","19.20.12","SBS|Entertainment|예고|월화드라마|드라마|드라마스페셜|koreadrama|한국드라마|Preview|VIP|브이아이피|장나라|이상윤|이청아|곽선영|표예진|정준원|신재하|이재원|드라마 VIP|프라이빗 오피스 멜로|멜로 드라마|백화점 VIP|SBS 드라마|스브스|Jang Nara|Lee Sang yoon|Lee Chung ah|Kwak SunYoung|Pyo Yejin|이상윤내연녀|표예진내연녀|이상윤표예진","485555","2336","76","725","https://i.ytimg.com/vi/YDctkkjtJrg/default.jpg","False","False","제발 이혼해 달라는 온유리(표예진)!!그러더니 계단에서 나정선(장나라)을 밀어버리는데...!다들 봤지?? 나만 본 거 아니죠!?'VIP 15화'☞ 19년 12월 23일 월요일 밤 10시 본 방송#VIP #장나라 #이상윤▶ Subscribe NOW! SBS NOW!  https://bit.ly/2YRf9Kn▶ Homepage :  https://programs.sbs.co.kr/drama/vip▶ Facebook :  https://www.facebook.com/SBSdramaZip/▶ Instagram : https://www.instagram.com/sbsnow_insta/"
"4Q-YKyhRi8Q","[난닝구] 리니지2M 드비안느 1섭 🔥혈.맹.해.체🔥 무슨일이고? 심각하다 이거 NC Lineage2M","2019-12-18T12:27:34.000Z","UCEzvxHNrMzAP0HH7QDmd8Pg","난닝구TV","20","19.20.12","리니지|리니지M|배그|롤|스타|피파|모바일게임|lol|집행검|아재|아프리카|아프리카tv|넷마블|NETMARBLE|NCSOFT|게임리뷰|검은사막M|쿄|KOF|이오리|오로치|장거한|최번개|킹오브|TheKingOfFightsAllStar|랑그릿사|바람의나라|메이플스토리|브롤스타즈|검은사막|BRAWLSTARS|철권|진|리니지2|lineage2|lineage|드슬|에오스|에오스레드|EOSRED|무카이|달빛조각사|리니지2M|위드|V4|라오킹|라이즈오브킹덤즈|Rise Of Kingdoms|RiseOfKingdoms|NEXON|브이포|카자마진|헤이하치|카즈야|철권콜라보|무릎|빛베리|난닝구|만만|철구|코스프레|봉준|감스트|KNEE|tekken|대사막|태양의전장|미스틱|금수랑|엑소스|수집형게임|엑소스히어로즈|정인호|게임해설|퍼플|영웅클래스|아가시온|용산구청|케이|남순|리니지2m|바츠|드비안느|보겸|쌈용|사또|불도그","146384","791","258","229","https://i.ytimg.com/vi/4Q-YKyhRi8Q/default.jpg","False","False","구독+좋아요+공유 한번씩 부탁드립니다알람설정은 필수!난닝구AfreecaTV: http://www.afreeca.com/han4016난닝구의 로스트아크 재생목록: https://goo.gl/r85kdg난닝구의 검은사막M 재생목록: https://goo.gl/VHCP3m난닝구의 리니지M 재생목록: https://goo.gl/LKT3f6난닝구의 포트리스M 재생목록: https://goo.gl/VQvkD7난닝구의 리니지2레볼루션 재생목록: https://goo.gl/2G1RB5난닝구의 테라M 재생목록: https://goo.gl/STcX7T난닝구의 게스트 합동방송: https://goo.gl/nJq8y6난닝구의 각종영상모음: https://goo.gl/E7LT85#리니지2m #전설변신 #전설클래스BGM1. HYP - AvengersMusic by (HYP MUSIC)https://youtu.be/GZxcDAWuz2g2. Rob Gasser - Ricochet [NCS Release] Song: Rob Gasser - Ricochet [NCS Release] Music provided by NoCopyrightSounds.Video: https://youtu.be/T4Gq9pkToS8Download: http://http://ncs.io/Ricochet3. Track : 코믹한 BGM 모음Music by 브금대통령 Music provided by 브금대통령Watch : https://youtu.be/M3j0QKsiIPc"
"UcpDdtazawc","미국FBI가 해냈다 (북한충격)","2019-12-18T05:50:42.000Z","UCBXt-8JsY7EfX_hZ91LYI5w","정성산TV","24","19.20.12","정성산|정성산TV|미국FBI북한인송환|말레이시아법원|문철명","254258","22246","1016","302","https://i.ytimg.com/vi/UcpDdtazawc/default.jpg","False","False","미국 FBI가 결국 김정은의 불법 달러범인에대한 조취를 취했습니다.여러분들의 후원으로 가열차게(열정,전투적) 달리고 있습니다.자율적구독후원 : 하나은행 : 106-910488-13707 (박*옥)해외페이팔 후원링크 :  https://www.paypal.me/jungsungsantv문의 : loveinyoduk@gmail.com"
"6N3Yr8ZW4hg","시트콤 [세 친구] Three Friends 안연홍이랑 윤다훈 너네 거짓말하는게 더 수상해~~","2019-12-18T06:00:01.000Z","UCG5bAssl2H0wjLG4BEv5ScQ","옛드 : 옛날 드라마 [드라맛집]","24","19.20.12","MBC|드라마|연출|사극|시트콤|하이킥|로맨스|일일드라마|미니시리즈|주말연속극|drama|일일극|로코|드라마당|엠비씨|마봉춘|mbc|정웅인|윤다훈|박상면|이의정|안연홍|안문숙|박은혜|이동건|송창의|김용건","68913","337","26","49","https://i.ytimg.com/vi/6N3Yr8ZW4hg/default.jpg","False","False","Ep.41 방영일: 2000/12/18연말 송년회에서 세 친구 일행은 기분좋게 술마신 후 동건이 밤새 여관방 잡고 술마시자고 일행을 부추겨서 여관방을 잡아 들어간다, 연홍(안영홍)은 본의 아니게 다훈과 함께 벽에 기대어 선잠을 자던 끝에 아침을 맞는다. 연홍은 다훈과 함께 하룻밤 보냈다는 주위 오해를 살까봐 알리바이를 꾸미는데 거짓말이 탄로나 버린다. 세 친구 FULL버전 다시보기  ▶ WAVVE로 go go!https://www.wavve.com/player/vod?contentid=M_1000396100055100000.1&onair=n&order=new&page=6&programid=M_1000396100000100000▶ imbc.com http://playvod.imbc.com/Vod/VodPlay?broadcastId=1000396100000100000#정웅인 #윤다훈 #박상면"
"6bY_sn5AoWU","18가지 반찬이 나오는 백반 무한리필 8천원 밥통째로 먹었습니다 korean food mukbang 야식이 먹방","2019-12-18T08:13:14.000Z","UCsNVs68quFJMaDmR6frfUsQ","야식이","24","19.20.12","백반|무한리필|8천원|막퍼주는시골집밥|야식|야식이|먹방|korean food|mukbang","364761","7168","233","766","https://i.ytimg.com/vi/6bY_sn5AoWU/default.jpg","False","False","#백반 #무한리필 #8천원구독하기(Subscribe) 좋아요(Like) 고맙습니다!(Thank you!)18가지 반찬이 나오는 백반 무한리필이라서 밥통째로 먹었습니다korean food mukbang 야식이 먹방191212 인천광역시 연수구 연수동 '막퍼주는시골집밥'18가지 반찬이 나오는 백반 무한리필이라서 밥통째로 먹었습니다"
"b2rwlGFVX4Y","[1박2일 레전드] 한창 배고플 때 라면 딱 끓이면 저 표정 바로 나오죠잉? 라면에 달려들기 바로 직전의 그 표정!","2019-12-16T10:00:16.000Z","UC271vX3c3kYZsgpz7-zPBoA","KBS예능: 깔깔티비","24","19.20.12","깔깔|크큭|크큭티비|깔깔티비|티비|TV|KBS|예능|KBS예능|레전드|레트로|뉴트로|한국방송|유재석|강호동|이소라|이수근|이승기|김종민|1박2일|1박2일레전드|레전드순삭|순삭|1박2일 레전드|1박2일 시즌1|시즌1|라면|라끼남|은지원|김c|mc몽|먹방|음식|야식|나영석|이명한|신서유기|삼시세끼|십오야","848453","3464","314","660","https://i.ytimg.com/vi/b2rwlGFVX4Y/default.jpg","False","False","#1박2일 #1박2일레전드 #라면 #먹방[깔깔 명작극장][1박2일 레전드 순삭] : 당신의 원픽은? [라면의 역사3]30회  5:1 라면대결149회  이수근 라면 도주 78회  담양 바라만 보면16회  라면PD49회  백두산 방송용 컵라면"
"GDnRspzab6U","[무빙-웹툰 열대어] Ep.97 피시방가면 이런 유형 꼭 있다??","2019-12-18T09:00:05.000Z","UCK4WxhNsloFrA8iUaO92r5g","요즘 애니","1","19.20.12","무빙웹툰|열대어|요즘애니","156495","3927","58","417","https://i.ytimg.com/vi/GDnRspzab6U/default.jpg","False","False","요하!!!! 주변에 이런 친구들 한명씩 꼭 있지 않나요?다들 어떤 타입이에요? 댓글로 공유해봐요~~~~(참고로 전 설치하고 가입하다가 끝나는 편...흑흑)#무빙웹툰 #열대어 #요즘애니"
"Xz3gxzYJn7c","설민석의 [정의란 무엇인가] 강독 (2) ▶자유 지상주의의 문제점 & 칸트의 꼼수(?) | 요즘 책방: 책 읽어드립니다 The Page-Turners EP.13","2019-12-17T11:45:34.000Z","UCR9gReM5VhQ_8brqQrBaVCA","tvN 인사이트","24","19.20.12","책읽어드립니다|정의란무엇인가|설민석|전현무|이적|윤소희|장강명|김경일|도진기|요즘책방|책읽어드립니다설민석|책읽어드립니다정의란무엇인가|마이클센델","105652","941","113","233","https://i.ytimg.com/vi/Xz3gxzYJn7c/default.jpg","False","False","#정의란무엇인가 #책읽어드립니다 #설민석TV로 읽는 독서 수다 ＜요즘 책방: 책 읽어드립니다＞0:00 → 개인의 자유를 강조한 자유지상주의, 그에 대한 비판2:10 → 자유지상주의를 비판한 인물, 칸트가 내린 '정언 명령'4:31 → 칸트가 거짓말을 피하기 위해 부렸던 꼼수(?)매주 (화) 저녁 8시 10분 tvN"
"ozn7xCpQIJI","(다반뉴스) 이해찬 공수처 포기! 민주당 망했다! 특검 꼼수! / 신의한수 19.12.18","2019-12-18T11:26:44.000Z","UCgOLQwRv1r2m9mhE1tfsn3Q","신의한수","25","19.20.12","[none]","527515","50847","2040","1335","https://i.ytimg.com/vi/ozn7xCpQIJI/default.jpg","False","False","(주)민초 커뮤니케이션 대표 신혜식입니다. 더욱 열심히 하는 신의 한수가 되겠습니다. 애국 시민의 소중한 구독료는 애국 방송 사업에 쓰입니다.정기 구독 ARS 가입  1877-1477* 인터넷가입http://www.ihappynanum.com/Nanum/B/3JO90YUSOZ앞으로 더욱 더 좋은 애국 방송으로 보답해드리겠습니다.아래의 계좌번호는 민초커뮤니케이션 후원 계좌번호입니다.국민은행 032901-04-262037(주)민초커뮤니케이션"
"MzHolXZHrvI","[축구] 19/20시즌 돌아온 겨울 이적시장 대비! '토트넘 핫스퍼' 이적설 총정리! ( 케인, 무리뉴, 에릭센, 손흥민의 대체자가 있다고? ) -1편-","2019-12-18T09:00:21.000Z","UC3GEDF05hzA8xTyN0ZTZWag","우피터","17","19.20.12","축구|축구선수|축구선수 손흥민|이적시장|이적설|축구 이적설|손흥민 이적설|이적설 정리|토트넘 이적설|이적설 정리영상|19/20시즌|19/20|19/20 토트넘|19/20 겨울이적시장|겨울 이적시장|토트넘|토트넘 핫스퍼|토트넘 핫스퍼 이적|토트넘 무리뉴|토트넘 번리|토트넘 뮌헨|토트넘 본머스|토트넘 맨유|손흥민|thsgmdals|손흥민 원더골|손흥민 70m 골|손흥민골|손흥민 번리|손흥민 태클|손흥민 레알마드리드|손흥민 유벤투스|유벤투스|유벤투스 호날두|호날두 손흥민|호나우두|호나우두 손흥민|손나우두|손날두|epl 겨울이적시장|2019 겨울이적시장|바이에른 뮌헨|손흥민 나폴리|무리뉴 인터뷰|무리뉴 반응|무리뉴 토트넘|무리뉴 맨유|무리뉴 번리|손흥민 무리뉴|에릭센|에릭센 이적설|에릭센 재계약|에릭센 무리뉴|에릭센 손흥민|에릭센 레알","174946","2037","216","430","https://i.ytimg.com/vi/MzHolXZHrvI/default.jpg","False","False","19/20시즌이 시작하고 어느덧 겨울 이적시장 시즌이 다가왔습니다.오늘은 이 겨울 이적시장이 본격적으로 시작하기전 각 명문팀들의 이적이슈를 정리해보는 시간을 가져보도록 하겠습니다.첫번째 챕터는 아마 스페셜 원 조제 무리뉴 감독의 신생 토트넘 핫스퍼의 겨울 이적시장 이적설이 되겠습니다.#토트넘 #겨울이적시장 #손흥민"
"q5eo-dlgYVc","부동산 대책 이틀 만에 고가 아파트 폭락으로 급변!","2019-12-18T09:58:10.000Z","UCcloDgiDqz8twby7zvG-USg","쇼킹부동산","25","19.20.12","쇼킹부동산|부동산 강의|부동산 투자|부동산 전망|부동산 재테크|부동산 갭투자|부동산 폭락|부동산 거품|부동산 급락|부동산 폭등|폭등론자|급락론자|일본 부동산|경제 강의|경제 위기|부동산 붕괴|재테크|재테크 강의|역전세난","135192","4356","254","0","https://i.ytimg.com/vi/q5eo-dlgYVc/default.jpg","True","False","[쇼킹부동산] 부동산 대책 이틀 만에 고가 아파트 폭락 전환!- 12.16 부동산 대책이 강력한 이우- 현재 고가 아파트 상황은?"
"IPDMdLhZoRg","2019 축구 이슈 총정리 해드립니다","2019-12-18T09:00:04.000Z","UC8valWz_8jFnX4tMGCeC62w","석꾸축꾸","17","19.20.12","축구","133070","2241","118","411","https://i.ytimg.com/vi/IPDMdLhZoRg/default.jpg","False","False","-2019년 축구 요약-1월 아시안컵5월 U-20 월드컵7월 호날두 노쇼 사건10월 북한전11월 브라질전12월 동아시안컵"
"-RtVLeSrboQ","15가지 DIY 바비 스트레스 해소 용품","2019-12-17T09:00:01.000Z","UClSxH8KQdfytf2raNAByMiA","Troom Troom Kr","26","19.20.12","바비인형|바비|슬라임|더러운 것|스트레스 해소|스마트폰 사진|아이디어|가지 핸드메이드|수공예|혼자 만들어 보세요|팁","124446","1031","153","86","https://i.ytimg.com/vi/-RtVLeSrboQ/default.jpg","False","False","구독하기 링크 WooHoo: https://www.youtube.com/channel/UCdlIhXi58dS5-iSNnWZztjw?sub_confirmation=1아이들을 위한 8가지 재밌는 종이 공작 아이디어: https://youtu.be/K3KwaS7TQew?list=PLXLtqcQxuUNH3eEmdz9A8k4dgodEnvh52스트레스 해소는 누구나 필요해요, 인형도요! 그렇지 않나요? 인형을 위한 15가지 스트레스 해소 용품을 만나보세요!준비물과 도구:● 실;● 가위;● 와이어;● 바늘;● 지퍼백;● 잉크 펜;● 송곳;● 초;● 머리끈;● 그림;● 벨벳 천;● 스티커;● 스펀지;● 포머리안;● 풀;● 붕사;● 글리터;● 클레이;● 양말;● 폼폼;● 뚜껑;● 플라스틱 드로퍼;● 장식 모래;● 양면으로 된 장식 천;● 풍선;● 프레임;● 슬라임;● 그물망;● 메이크업 스펀지;● 페인트;● 붓;● 장식;● 오르비즈;● 매니큐어. Music:Tobu & Hellberg – SprinklesArtist: http://youtube.com/tobuofficial트룸트룸 동영상 더 보기: 인기 동영상:14 Weird Ways To Sneak Food Into Class / Back To School Pranks:  https://youtu.be/W5p2ndS34vA18 Funny Pranks! Prank Wars! https://youtu.be/yWazGzCNtJ411 DIY Edible Makeup Ideas/11 Funny Pranks:  https://youtu.be/kewz3hF63Xo17 Weird Ways To Sneak Makeup Into Class:  https://youtu.be/bvhBIsmzhwEGummy Food vs Real Food Challenge!  https://youtu.be/jBIG6GsQcq8인기 플레이리스트:Funny Pranks: https://www.youtube.com/playlist?list=PLy0LaulZe0vRyRDcwVaqbvnbSqhSQNtS-Back to School: https://www.youtube.com/playlist?list=PLy0LaulZe0vSzNLVwlQZVJszbLCsIwl_CLife Hacks: https://www.youtube.com/playlist?list=PLy0LaulZe0vSljAapkasaxsIKJp7I-7j0Beauty And Makeup Hacks: https://www.youtube.com/playlist?list=PLy0LaulZe0vSUQifjokDaw5m9aIgOQKt-Home Décor: https://www.youtube.com/playlist?list=PLy0LaulZe0vRWdxuF7xEwK_eJV2cZ8dt0트룸트룸 팔로우하기:구독 링크: https://www.youtube.com/channel/UClSxH8KQdfytf2raNAByMiA?sub_confirmation=1Instagram: https://www.instagram.com/troomtroom/Facebook: https://www.facebook.com/troomhandsPinterest: https://pinterest.com/troomtroom/Troom Troom English :구독 링크: https://www.youtube.com/channel/UCWwqHwqLSrdWMgp5DZG5Dzg?sub_confirmation=1Troom Troom Español: 구독 링크: https://www.youtube.com/channel/UCu6oyJJ6PlkeNNv6n26ZNyA?sub_confirmation=1Troom Troom Française:구독 링크: https://www.youtube.com/channel/UCyNeKmBHI10u4bwYEKimlZA?sub_confirmation=1Troom Troom Russian: 구독 링크: https://www.youtube.com/channel/UCq1JpGFxcZTbbOAz010U-og?sub_confirmation=1Troom Troom Deutsch:구독 링크:  https://www.youtube.com/channel/UCzgmxZIlgfH1fgch7OpigIA?sub_confirmation=1Troom Troom Chinese:구독 링크:  https://www.youtube.com/channel/UCV3NWBs2K7pOEGmI4w_2dhg?sub_confirmation=1Troom Troom Português:구독 링크:  https://www.youtube.com/channel/UCgCQlMYN2XypwYC2wcR32bA?sub_confirmation=1Troom Troom Japanese:구독 링크: https://www.youtube.com/channel/UCPCwT9JMWPjg6xAWrQxhQaw?sub_confirmation=1Troom Troom Hindi:구독 링크: https://www.youtube.com/channel/UCwP0n9or789Y33-JNNe-tlA?sub_confirmation=1트룸트룸이란: 따라 하기 쉬운 DIY 동영상 튜토리얼. DIY 액세서리, 메이크업 튜토리얼, 라이프 핵, 장난, 인테리어 소품 등등! 쉽게 만들어보세요!비즈니스 관련 문의는 여기로 주세요: troomtroomdiy@gmail.com오늘의 질문: 동영상의 어떤 부분이 제일 재밌었나요? 댓글에 남겨주세요!잊지 말고 알림 받기, 좋아요, & 구독 눌러주세요!"
"VU2Thpdw8Ck","둘이 무슨 사이야!!","2019-12-18T01:23:40.000Z","UCeudxdJJ4VtlP43Pv9l7f-A","오메킴TV","22","19.20.12","오메킴|아프리카TV|승튜브|오메킴TV|스타크래프트|ASL|합방|오엔터|해피엔터|오부장|이채이|별비|정윤종|김봉준|와꾸대장봉준","185386","1508","64","244","https://i.ytimg.com/vi/VU2Thpdw8Ck/default.jpg","False","False","▶ 구독, 좋아요는 큰 도움이 됩니다▶ [오메킴승현2 아프리카TV] http://afreecatv.com/rlatldgus▶ [광고 및 스폰 문의] 카카오톡: rlatldgus 혹은 아프리카TV 쪽지로 부탁드립니다!▶ 항상 시청해주셔서 감사합니다#오메킴 #이채이 #꽃님#생일파티 #생일축하"
"zHU0lO0WdsM","송가인 부산에서 역대급 환호, 전라도에서 확 뜬 진해성; 트로트로 국민 대통합 가즈아~[국민의뽕짝]","2019-12-17T10:00:08.000Z","UC7ITxSrzq-nhyyYzozpPmLA","국민의뽕짝","10","19.20.12","국뽕|국민의뽕짝|뽕짝|트로트메들리|트로트|엔카|성인가요|광주mbc|MBC|mbc|엠비씨|광주엠비씨|가요베스트|가요베스트인기곡|가요무대|가요톱텐|전국노래자랑|여수mbc|송가인노래모음|진해성메들리|송가인인기곡|트로트여자인기곡|트로트남자인기곡|트로트모음|trot|songofkorea|신나는트로트|추억의트로트|추억의노래|KOREAPOPSONG|KoreaTrot|미스트롯|미스터트롯|트로트라마|송가인불교문화축제|진해성벌교꼬막축제|송가인|진해성|송가인직캠|진해성직캠|어게인|송가인어게인|진해성왕자","90934","1468","98","67","https://i.ytimg.com/vi/zHU0lO0WdsM/default.jpg","False","False","트로트로 가까워지는 영호남 갱상도 사투리가 정겨운 전라도 사람들 전라도 사투리가 구수하게 느껴지는 경상도 사람들 송가인과 진해성으로 우리는 가까워진다 이제는 10대들도 환호하는 대세, 트로트가 열일 하네요 ㅎㅎ 공동기획: 광주mbc 국민의뽕짝 & 부산MBC 뮤직월드#송가인부산사투리 #부산싸나이 진해성 ▶ 국민의뽕짝 네이버TV https://tv.naver.com/mbc.PTROT▶ 국민의뽕짝 카카오스토리 https://story.kakao.com/ch/kjmbc▶ 광주MBC 유튜브 구독하기 https://goo.gl/jbmus1▶ 광주MBC 공식 홈페이지 http://www.kjmbc.co.kr"
"rwi1k0AKX2A","도를 넘었어 장나라, 이상윤♥표예진 향한 분노의 쌍 싸대기!♨ 《화제의 모먼트 / VIP / 스브스캐치》","2019-12-17T01:32:49.000Z","UC3re3ueOE_6VZK85zlEUWFA","SBS Catch","24","19.20.12","스브스캐치|스브스캐치 드라마|드라마 추천|VIP|장나라|이상윤|장나라 이상윤|이상윤 장나라|장나라 드라마|이상윤 드라마|장나라 연기|이상윤 연기|VIP 하이라이트|VIP 장나라|VIP 이상윤|VIP 드라마|VIP 이청아|VIP 표예진|VIP 곽선영|이상윤 표예진","836459","6398","147","1191","https://i.ytimg.com/vi/rwi1k0AKX2A/default.jpg","False","False","[스브스캐치] 구독하기▶ https://goo.gl/bnT3WD도를 넘었어 장나라, 이상윤♥표예진향한 분노의 쌍 싸대기!♨프라이빗 오피스 멜로 〈VIP〉매주 월/화 밤 10시 본방사수!스브스캐치 페이스북 ▶ https://goo.gl/MYWh4V스브스캐치 인스타그램 ▶ https://goo.gl/9kukCu"
"KBGihfzLl0g","조명섭의 인기 분석 2-박성훈 작곡가","2019-12-17T07:34:18.000Z","UCx6dbeWpA8t1n2hnNsxHNtA","튜브 54","10","19.20.12","조명섭|박성훈|트로트|트로트가좋아|전국노래자랑","239619","4966","143","330","https://i.ytimg.com/vi/KBGihfzLl0g/default.jpg","False","False","#조명섭 #박성훈 #트로트 #트로트가좋아 #전국노래자랑 전국노래자랑 심사위원으로 활동하며 '딩동댕 아저씨'로 더 잘 알려진 작곡가 박성훈! 현철과 주현미, 나훈아, 태진아에게 히트 송을 안겨준 전설의 작곡가입니다. 또 트로트 시대를 이끌고 있는 미스트롯 송가인, 홍자, 김소유도 그의 손을 거쳤습니다. 특히 얼마 전 'KBS2 불후의 명곡'에도 출연해 그의 유명세를 실감할 수 있었죠..대한민국 트로트 마에스트로, 박성훈! 그는 과연 조명섭을 어떻게 보고 있을까요?"
"t5gcX-tD4t0","초미녀 레이싱걸 유다연이 교도소에 수감된 이유...(몰카)","2019-12-17T09:26:20.000Z","UCgm633UDZayRRxv4U5Y1DXA","불협화음","23","19.20.12","레이싱걸|몰카|초미녀|가로세로직캠","167826","1977","249","355","https://i.ytimg.com/vi/t5gcX-tD4t0/default.jpg","False","False","20만 인스타셀럽 레이싱모델 유다연을 교도소에 가뒀습니다 ㅋㅋㅋㅋㅋ하루종일 몰래카메라로 괴롭혀보도록 하겠습니다. #전주영상위원회 #몰카 #익산불협화음 공식 페이스북: https://bit.ly/2JDd6CO불협화음 자율 구독료:www.불협화음.com불협화음 섭외&광고문의 : kjk930909@gmail.com"
"IAyLxOavMhk","[피하지방법원] #24-1 정경심 재기소 무리수...퇴로 없는 검찰","2019-12-18T07:22:52.000Z","UCljnbFCt-4doBr7wtEIIbbw","김용민TV","25","19.20.12","김용민|김용민브리핑|데마시안|김엄마|나는꼼수다|관훈라이트|피하지방법원|히히히스토리|정치부심|카이로스|평화나무|정경심|재기소|무리수|검찰|기소장|재판|변합신청|판사|표창장위조|기소|김남국|소제인|하명수사|공모|공소장","149248","9284","116","335","https://i.ytimg.com/vi/IAyLxOavMhk/default.jpg","False","False","[피하지방법원] #24-1 정경심 재기소 무리수...퇴로 없는 검찰 쇼핑은 김용민 닷컴 https://www.kimyongmin.com/shop김용민TV 11월 LIVE 편성표월요일 21시 : 관훈라이트클럽 (with 민동기, 정상근)화요일 21시 : 피하지방법원 (with 김남국, 소제인)수요일 21시 : 히히히스토리 (with 김준혁, 오윤혜)목요일 21시 : 정치부심 (with 황현희, 박원석, 김성회, 최민희)금요일 20시 : 박시영의 눈 홍대 벙커1교회 공개방송 (업로드 토요일)광고문의master@demasian.com1544-1871"
"EvpMUl_Ob6g","언니가 떠났습니다..각자 잘 살수있을까요..? [예씨 yessii]","2019-12-17T09:00:03.000Z","UCVyMrl0N9SMwqaa2OHcJOkA","예씨 yessii","22","19.20.12","자매유튜버|예씨|예자매|병맛자매|병맛|비글자매|현실자매|자매|비글미|yessii|베트남|베트남여행|여행|극과극|극과극자매|호치민|호치민여행|여행vlog|여행일상|여행브이로그|브이로그|vlog|일상|24시일상|24시간일상|병맛일상|자매일상|자매여행","303112","6306","194","1026","https://i.ytimg.com/vi/EvpMUl_Ob6g/default.jpg","False","False","예씨 구독 ▶ https://goo.gl/t0cwlU예씨 공식 카페 ▶ https://goo.gl/ideLGN예자매 인스타그램 ▶ https://goo.gl/P5fZHR여러분 오늘은 리니가 베트남으로 여행을 간후3박4일동안 찍어본 일상영상입니다과연 예자매는 서로 떨어져도 잘 살 수 있을까요?영상 봐주셔서 감사합니다!구독해주세요 ♥==예씨 자주 묻는 질문 (Q&A)1. 무슨 사이에요? 누가 언니에요?- 저희는 세살 차이 나는 친자매입니다!갈색머리 리니가 언니고 노랑머리 지니가 동생입니다 :D2. SNS랑 이메일 알려주세요!- 인스타그램 : yessii__11이메일 : 9093yessii@gmail.com3. 선물 받으시나요? 어디로 보내요?- 앞으로 선물 받지 않습니다! 마음만 감사히 받겠습니다♥"
"uZyZqWhu7DY","[알릴레오 라이브 11회] 패트법안의 운명은? (19.12.17)","2019-12-17T11:12:49.000Z","UCJS9VvReVkplPwCIbxnbsjQ","사람사는세상노무현재단","25","19.20.12","노무현|유시민|추미애|노무현재단|검찰|윤석열|조국|정경심|공판|판사|보석","454807","45926","566","1203","https://i.ytimg.com/vi/uZyZqWhu7DY/default.jpg","False","False","#유시민의알릴레오라이브 #화요일저녁6시 #패스트트랙법안노무현재단은 후원회원 한분 한분이 보내주시는 소중한 후원금으로 운영됩니다. 여러분의 후원이 세상을 바꾸고, 대한민국의 미래를 만들어갑니다.　 ◎ 사람사는세상 노무현재단 공식 SNS홈페이지  http://www.knowhow.or.kr후원안내  1688-0523페이스북 https://www.facebook.com/rmoohyun인스타그램 https://www.instagram.com/rohmoohyunfoundation유튜브 https://www.youtube.com/c/사람사는세상노무현재단트위터 https://twitter.com/RohFoundation노무현사료관 http://archives.knowhow.or.kr"
"JM_IbqndPvU","일본 선사들이 한국 조선사에 대량 주문을 넣고있는 충격적인 이유는 !?","2019-12-17T11:54:51.000Z","UCDMIgVmN_nXva6q1FcXu1wg","돈되는라디오","25","19.20.12","LNG|현대중공업|현대마포조선|삼성중공업|대우조선해양|대우조선|조선M&A|산업은행|중국조선|조선업|조선업황|중국조선업|한국조선업|흥아해운|해운업|한진해운|조양호|대한항공|한진그룹|중국조선폭망|최대조선소","181230","9195","241","142","https://i.ytimg.com/vi/JM_IbqndPvU/default.jpg","False","False","일본 선사들이 한국 조선사에 대량 주문을 넣고있는 충격적인 이유는 !?"
